{"level":"info","message":"[CRON] Initializing Meta Token Renewal Cron Job (every 12 hours).","service":"meta-auth","timestamp":"2026-03-26T13:51:35.336Z"}
{"level":"info","message":"[CRON] Initializing Meta Token Renewal Cron Job (every 12 hours).","service":"meta-auth","timestamp":"2026-03-26T14:11:30.129Z"}
{"level":"info","message":"[AUTH] safeAutoLoginOrRenew for QWRzIENhbXBhaWduIE1hbmFnZXI=","service":"meta-auth","timestamp":"2026-03-26T14:14:43.121Z"}
{"businessId":"QWRzIENhbXBhaWduIE1hbmFnZXI=","level":"info","message":"[AUTH] Tier 3: Full Playwright login with randomized fingerprint.","service":"meta-auth","timestamp":"2026-03-26T14:14:43.125Z"}
{"level":"info","message":"[BROWSER] Using fingerprint: MacIntel | 1280x800 | vi-VN","service":"meta-auth","timestamp":"2026-03-26T14:14:43.127Z"}
{"level":"error","message":"[CRITICAL] QWRzIENhbXBhaWduIE1hbmFnZXI=: page.click: Timeout 30000ms exceeded.\nCall log:\n\u001b[2m  - waiting for locator('button[name=\"login\"]')\u001b[22m\n","phase":"safeAutoLoginOrRenew","service":"meta-auth","stack":"page.click: Timeout 30000ms exceeded.\nCall log:\n\u001b[2m  - waiting for locator('button[name=\"login\"]')\u001b[22m\n\n    at performPlaywrightLogin (D:\\opclaw\\extensions\\ads-campaign-manager\\src\\meta-login.ts:379:18)\n    at D:\\opclaw\\extensions\\ads-campaign-manager\\src\\meta-login.ts:251:22","timestamp":"2026-03-26T14:15:29.001Z"}
{"level":"info","message":"[AUTH] safeAutoLoginOrRenew for QWRzIENhbXBhaWduIE1hbmFnZXI=","service":"meta-auth","timestamp":"2026-03-26T16:29:47.765Z"}
{"businessId":"QWRzIENhbXBhaWduIE1hbmFnZXI=","level":"info","message":"[AUTH] Tier 3: Full Playwright login with randomized fingerprint.","service":"meta-auth","timestamp":"2026-03-26T16:29:47.768Z"}
{"level":"info","message":"[BROWSER] Using fingerprint: MacIntel | 1280x800 | vi-VN","service":"meta-auth","timestamp":"2026-03-26T16:29:47.769Z"}
{"level":"error","message":"[CRITICAL] QWRzIENhbXBhaWduIE1hbmFnZXI=: page.click: Timeout 30000ms exceeded.\nCall log:\n\u001b[2m  - waiting for locator('button[name=\"login\"]')\u001b[22m\n","phase":"safeAutoLoginOrRenew","service":"meta-auth","stack":"page.click: Timeout 30000ms exceeded.\nCall log:\n\u001b[2m  - waiting for locator('button[name=\"login\"]')\u001b[22m\n\n    at performPlaywrightLogin (D:\\opclaw\\extensions\\ads-campaign-manager\\src\\meta-login.ts:379:18)\n    at D:\\opclaw\\extensions\\ads-campaign-manager\\src\\meta-login.ts:251:22","timestamp":"2026-03-26T16:30:33.107Z"}
{"level":"info","message":"[CRON] Initializing Meta Token Renewal Cron Job (every 12 hours).","service":"meta-auth","timestamp":"2026-03-26T16:53:20.949Z"}
{"level":"info","message":"[CRON] Initializing Meta Token Renewal Cron Job (every 12 hours).","service":"meta-auth","timestamp":"2026-03-26T16:53:47.871Z"}
{"level":"info","message":"[CRON] Initializing Meta Token Renewal Cron Job (every 12 hours).","service":"meta-auth","timestamp":"2026-03-26T16:56:00.358Z"}
{"level":"info","message":"[AUTH] safeAutoLoginOrRenew for QWRzIENhbXBhaWduIE1hbmFnZXI=","service":"meta-auth","timestamp":"2026-03-26T16:56:31.153Z"}
{"businessId":"QWRzIENhbXBhaWduIE1hbmFnZXI=","level":"info","message":"[AUTH] Tier 3: Full Playwright login with randomized fingerprint.","service":"meta-auth","timestamp":"2026-03-26T16:56:31.154Z"}
{"level":"info","message":"[BROWSER] Using fingerprint: MacIntel | 1512x982","service":"meta-auth","timestamp":"2026-03-26T16:56:31.155Z"}
{"level":"info","message":"[AUTH] Submitting login form with reliable method...","service":"meta-auth","timestamp":"2026-03-26T16:56:48.954Z"}
{"level":"warn","message":"[RENEW] META_APP_ID or META_APP_SECRET missing – using token as-is.","service":"meta-auth","timestamp":"2026-03-26T16:57:25.769Z"}
{"level":"info","message":"[AUTH] Login SUCCESS - Token expires 2026-03-26T17:57:25.770Z","service":"meta-auth","timestamp":"2026-03-26T16:57:25.770Z"}
{"level":"info","message":"[CRON START] Auto-renew token check started.","service":"meta-auth","timestamp":"2026-03-26T17:00:00.007Z"}
{"level":"info","message":"[CRON] Found 0 business(es) with token expiring soon.","service":"meta-auth","timestamp":"2026-03-26T17:00:00.008Z"}
{"level":"info","message":"[CRON START] Auto-renew token check started.","service":"meta-auth","timestamp":"2026-03-26T17:00:00.009Z"}
{"level":"info","message":"[CRON] Found 0 business(es) with token expiring soon.","service":"meta-auth","timestamp":"2026-03-26T17:00:00.009Z"}
{"level":"info","message":"[CRON] Initializing Meta Token Renewal Cron Job (every 12 hours).","service":"meta-auth","timestamp":"2026-03-26T17:24:03.356Z"}
{"level":"info","message":"[CRON] Initializing Meta Token Renewal Cron Job (every 12 hours).","service":"meta-auth","timestamp":"2026-03-26T17:24:24.601Z"}
{"level":"info","message":"[AUTH] safeAutoLoginOrRenew for QWRzIENhbXBhaWduIE1hbmFnZXI=","service":"meta-auth","timestamp":"2026-03-26T17:26:18.779Z"}
{"businessId":"QWRzIENhbXBhaWduIE1hbmFnZXI=","level":"info","message":"[AUTH] Tier 3: Full Playwright login with randomized fingerprint.","service":"meta-auth","timestamp":"2026-03-26T17:26:18.780Z"}
{"level":"info","message":"[BROWSER] Using fingerprint: Win32 | 1440x900","service":"meta-auth","timestamp":"2026-03-26T17:26:18.782Z"}
{"level":"info","message":"[AUTH] Submitting login form with reliable method...","service":"meta-auth","timestamp":"2026-03-26T17:26:35.165Z"}
{"level":"warn","message":"[RENEW] META_APP_ID or META_APP_SECRET missing – using token as-is.","service":"meta-auth","timestamp":"2026-03-26T17:26:59.184Z"}
{"level":"error","message":"[DISCOVERY] Failed to fetch pages: Request failed with status code 400","service":"meta-auth","timestamp":"2026-03-26T17:26:59.496Z"}
{"level":"info","message":"[AUTH] Login SUCCESS - Token expires 2026-03-26T18:26:59.185Z","service":"meta-auth","timestamp":"2026-03-26T17:26:59.496Z"}
{"level":"info","message":"[CRON] Initializing Meta Token Renewal Cron Job (every 12 hours).","service":"meta-auth","timestamp":"2026-03-26T17:53:48.322Z"}
{"level":"info","message":"[CRON] Initializing Meta Token Renewal Cron Job (every 12 hours).","service":"meta-auth","timestamp":"2026-03-26T17:55:19.244Z"}
{"level":"info","message":"[CRON] Initializing Meta Token Renewal Cron Job (every 12 hours).","service":"meta-auth","timestamp":"2026-03-26T18:03:17.391Z"}
{"level":"info","message":"[CRON] Initializing Meta Token Renewal Cron Job (every 12 hours).","service":"meta-auth","timestamp":"2026-03-26T18:04:09.571Z"}
{"level":"info","message":"[CRON] Initializing Meta Token Renewal Cron Job (every 12 hours).","service":"meta-auth","timestamp":"2026-03-27T03:31:50.521Z"}
{"level":"info","message":"[CRON] Initializing Meta Token Renewal Cron Job (every 12 hours).","service":"meta-auth","timestamp":"2026-03-27T03:32:07.099Z"}
{"level":"info","message":"[AUTH] safeAutoLoginOrRenew for QWRzIENhbXBhaWduIE1hbmFnZXI=","service":"meta-auth","timestamp":"2026-03-27T03:35:08.532Z"}
{"businessId":"QWRzIENhbXBhaWduIE1hbmFnZXI=","level":"info","message":"[AUTH] Tier 3: Full Playwright login with randomized fingerprint.","service":"meta-auth","timestamp":"2026-03-27T03:35:08.533Z"}
{"level":"info","message":"[BROWSER] Using fingerprint: Win32 | 1920x1080","service":"meta-auth","timestamp":"2026-03-27T03:35:08.534Z"}
{"level":"info","message":"[AUTH] Submitting login form with reliable method...","service":"meta-auth","timestamp":"2026-03-27T03:35:31.800Z"}
{"level":"warn","message":"[RENEW] META_APP_ID or META_APP_SECRET missing – using token as-is.","service":"meta-auth","timestamp":"2026-03-27T03:35:55.319Z"}
{"apiVersion":"v25.0","errorBody":{"__fb_trace_id__":"BQCnIOMEapm","__www_request_id__":"AjH-v1A0Q1G-rL2WXRUR-jK","error":{"code":1,"fbtrace_id":"AjH-v1A0Q1G-rL2WXRUR-jK","message":"Invalid request.","opes_mids":["bd377dc9026dbe28f83edfe608ff07db"],"type":"OAuthException"}},"level":"error","message":"[DISCOVERY] Failed to fetch pages (400): Request failed with status code 400","service":"meta-auth","timestamp":"2026-03-27T03:35:55.650Z","tokenPreview":"EAABsbCS1iHgBRB..."}
{"level":"info","message":"[AUTH] Login SUCCESS - Token expires 2026-03-27T04:35:55.320Z","service":"meta-auth","timestamp":"2026-03-27T03:35:55.651Z"}
{"level":"info","message":"[CRON] Initializing Meta Token Renewal Cron Job (every 12 hours).","service":"meta-auth","timestamp":"2026-03-27T03:48:32.564Z"}
{"level":"info","message":"[CRON] Initializing Meta Token Renewal Cron Job (every 12 hours).","service":"meta-auth","timestamp":"2026-03-27T03:57:30.850Z"}
{"level":"info","message":"[CRON] Initializing Meta Token Renewal Cron Job (every 12 hours).","service":"meta-auth","timestamp":"2026-03-27T04:14:54.267Z"}
{"level":"info","message":"[CRON] Initializing Meta Token Renewal Cron Job (every 12 hours).","service":"meta-auth","timestamp":"2026-03-27T04:17:03.133Z"}
{"level":"info","message":"[AUTH] safeAutoLoginOrRenew for QWRzIENhbXBhaWduIE1hbmFnZXI=","service":"meta-auth","timestamp":"2026-03-27T04:18:48.809Z"}
{"businessId":"QWRzIENhbXBhaWduIE1hbmFnZXI=","level":"info","message":"[AUTH] Tier 3: Full Playwright login with randomized fingerprint.","service":"meta-auth","timestamp":"2026-03-27T04:18:48.810Z"}
{"level":"info","message":"[BROWSER] Using fingerprint: Win32 | 1440x900","service":"meta-auth","timestamp":"2026-03-27T04:18:48.812Z"}
{"level":"info","message":"[AUTH] Submitting login form with reliable method...","service":"meta-auth","timestamp":"2026-03-27T04:19:07.369Z"}
{"businessId":"QWRzIENhbXBhaWduIE1hbmFnZXI=","level":"info","message":"[RENEW] Exchanging token via Graph API.","service":"meta-auth","timestamp":"2026-03-27T04:19:29.955Z","tokenPreview":"EAABsbCS1iHg"}
{"businessId":"QWRzIENhbXBhaWduIE1hbmFnZXI=","errorCode":1,"level":"error","message":"[RENEW FAILED] The access token does not belong to application 1586990572517252","service":"meta-auth","timestamp":"2026-03-27T04:19:30.255Z"}
{"apiVersion":"v19.0","errorBody":{"__fb_trace_id__":"BtXm7OOAz4/","__www_request_id__":"AMTCLgiQcsspo97W9hyKOSM","error":{"code":1,"fbtrace_id":"AMTCLgiQcsspo97W9hyKOSM","message":"Invalid request.","opes_mids":["bd377dc9026dbe28f83edfe608ff07db"],"type":"OAuthException"}},"level":"error","message":"[DISCOVERY] Failed to fetch pages (400): Request failed with status code 400","service":"meta-auth","timestamp":"2026-03-27T04:19:30.590Z","tokenPreview":"EAABsbCS1iHgBRF..."}
{"level":"info","message":"[AUTH] Login SUCCESS - Token expires 2026-03-27T05:19:30.256Z","service":"meta-auth","timestamp":"2026-03-27T04:19:30.592Z"}
{"level":"info","message":"[CRON] Initializing Meta Token Renewal Cron Job (every 12 hours).","service":"meta-auth","timestamp":"2026-03-27T04:40:52.827Z"}
{"level":"info","message":"[CRON] Initializing Meta Token Renewal Cron Job (every 12 hours).","service":"meta-auth","timestamp":"2026-03-27T04:43:35.161Z"}
{"level":"info","message":"[CRON] Initializing Meta Token Renewal Cron Job (every 12 hours).","service":"meta-auth","timestamp":"2026-03-27T04:52:52.449Z"}
{"level":"info","message":"[CRON] Initializing Meta Token Renewal Cron Job (every 12 hours).","service":"meta-auth","timestamp":"2026-03-27T04:53:02.841Z"}
{"level":"info","message":"[AUTH] safeAutoLoginOrRenew for QWRzIENhbXBhaWduIE1hbmFnZXI=","service":"meta-auth","timestamp":"2026-03-27T04:53:52.032Z"}
{"businessId":"QWRzIENhbXBhaWduIE1hbmFnZXI=","level":"info","message":"[AUTH] Tier 3: Full Playwright login with randomized fingerprint.","service":"meta-auth","timestamp":"2026-03-27T04:53:52.034Z"}
{"level":"info","message":"[BROWSER] Using fingerprint: Win32 | 1920x1080","service":"meta-auth","timestamp":"2026-03-27T04:53:52.036Z"}
{"level":"info","message":"[AUTH] Submitting login form with reliable method...","service":"meta-auth","timestamp":"2026-03-27T04:54:08.234Z"}
{"businessId":"QWRzIENhbXBhaWduIE1hbmFnZXI=","level":"info","message":"[RENEW] Exchanging token via Graph API.","service":"meta-auth","timestamp":"2026-03-27T04:54:31.826Z","tokenPreview":"EAABsbCS1iHg"}
{"businessId":"QWRzIENhbXBhaWduIE1hbmFnZXI=","errorCode":1,"level":"error","message":"[RENEW FAILED] The access token does not belong to application 1586990572517252","service":"meta-auth","timestamp":"2026-03-27T04:54:32.184Z"}
{"errorBody":{"__fb_trace_id__":"HF3adel1ye+","__www_request_id__":"ATZZfeNkU_4WUP5tillsY9x","error":{"code":1,"fbtrace_id":"ATZZfeNkU_4WUP5tillsY9x","message":"Invalid request.","opes_mids":["bd377dc9026dbe28f83edfe608ff07db"],"type":"OAuthException"}},"level":"error","message":"[DISCOVERY] CRITICAL: All discovery layers failed: Request failed with status code 400","service":"meta-auth","status":400,"timestamp":"2026-03-27T04:54:33.002Z"}
{"level":"info","message":"[AUTH] Login SUCCESS - Token expires 2026-03-27T05:54:32.185Z","service":"meta-auth","timestamp":"2026-03-27T04:54:33.003Z"}
{"level":"info","message":"[CRON] Initializing Meta Token Renewal Cron Job (every 12 hours).","service":"meta-auth","timestamp":"2026-03-27T05:03:29.219Z"}
{"level":"info","message":"[CRON] Initializing Meta Token Renewal Cron Job (every 12 hours).","service":"meta-auth","timestamp":"2026-03-27T05:11:24.763Z"}
{"level":"info","message":"[CRON] Initializing Meta Token Renewal Cron Job (every 12 hours).","service":"meta-auth","timestamp":"2026-03-27T05:30:22.728Z"}
{"level":"info","message":"[CRON] Initializing Meta Token Renewal Cron Job (every 12 hours).","service":"meta-auth","timestamp":"2026-03-27T05:30:43.846Z"}
{"level":"info","message":"[AUTH] safeAutoLoginOrRenew for QWRzIENhbXBhaWduIE1hbmFnZXI=","service":"meta-auth","timestamp":"2026-03-27T05:31:36.903Z"}
{"businessId":"QWRzIENhbXBhaWduIE1hbmFnZXI=","level":"info","message":"[AUTH] Tier 3: Full Playwright login with randomized fingerprint.","service":"meta-auth","timestamp":"2026-03-27T05:31:36.904Z"}
{"level":"info","message":"[BROWSER] Using fingerprint: Linux armv8l | 390x844","service":"meta-auth","timestamp":"2026-03-27T05:31:36.905Z"}
{"level":"info","message":"[AUTH] Submitting login form with reliable method...","service":"meta-auth","timestamp":"2026-03-27T05:31:54.172Z"}
{"level":"info","message":"[RENEW] Industrial mobile token detected (EAAB) - skipping Graph API exchange.","service":"meta-auth","timestamp":"2026-03-27T05:32:16.211Z"}
{"errorBody":{"__fb_trace_id__":"GL5MIds4fE8","__www_request_id__":"ARkkBr5sq6F6jsAMRrbUpIT","error":{"code":1,"fbtrace_id":"ARkkBr5sq6F6jsAMRrbUpIT","message":"Invalid request.","opes_mids":["bd377dc9026dbe28f83edfe608ff07db"],"type":"OAuthException"}},"level":"error","message":"[DISCOVERY] CRITICAL: All discovery layers failed: Request failed with status code 400","service":"meta-auth","status":400,"timestamp":"2026-03-27T05:32:16.806Z"}
{"level":"info","message":"[AUTH] Login SUCCESS - Token active until 2026-05-26T05:32:16.210Z","service":"meta-auth","timestamp":"2026-03-27T05:32:16.808Z"}
{"level":"info","message":"[CRON] Initializing Meta Token Renewal Cron Job (every 12 hours).","service":"meta-auth","timestamp":"2026-03-27T05:44:00.367Z"}
{"level":"info","message":"[CRON] Initializing Meta Token Renewal Cron Job (every 12 hours).","service":"meta-auth","timestamp":"2026-03-27T05:48:02.397Z"}
{"level":"info","message":"[CRON] Initializing Meta Token Renewal Cron Job (every 12 hours).","service":"meta-auth","timestamp":"2026-03-27T05:58:03.587Z"}
{"level":"info","message":"[CRON] Initializing Meta Token Renewal Cron Job (every 12 hours).","service":"meta-auth","timestamp":"2026-03-27T05:58:08.836Z"}
{"level":"info","message":"[AUTH] safeAutoLoginOrRenew for QWRzIENhbXBhaWduIE1hbmFnZXI=","service":"meta-auth","timestamp":"2026-03-27T05:58:52.329Z"}
{"businessId":"QWRzIENhbXBhaWduIE1hbmFnZXI=","level":"info","message":"[AUTH] Tier 3: Full Playwright login with randomized fingerprint.","service":"meta-auth","timestamp":"2026-03-27T05:58:52.331Z"}
{"level":"info","message":"[BROWSER] Using fingerprint: Win32 | 1366x768","service":"meta-auth","timestamp":"2026-03-27T05:58:52.332Z"}
{"level":"info","message":"[AUTH] Submitting login form with reliable method...","service":"meta-auth","timestamp":"2026-03-27T05:59:09.044Z"}
{"level":"error","message":"[AUTH] Screenshot saved: C:\\Users\\Admin\\AppData\\Local\\Temp\\auth-error-QWRzIENhbXBhaWdu-1774591202432.png","service":"meta-auth","timestamp":"2026-03-27T06:00:02.673Z"}
{"level":"error","message":"[CRITICAL] QWRzIENhbXBhaWduIE1hbmFnZXI=: page.goto: Timeout 45000ms exceeded.\nCall log:\n\u001b[2m  - navigating to \"https://www.facebook.com/adsmanager/manage/campaigns\", waiting until \"networkidle\"\u001b[22m\n (Screenshot: C:\\Users\\Admin\\AppData\\Local\\Temp\\auth-error-QWRzIENhbXBhaWdu-1774591202432.png)","phase":"safeAutoLoginOrRenew","service":"meta-auth","stack":"page.goto: Timeout 45000ms exceeded.\nCall log:\n\u001b[2m  - navigating to \"https://www.facebook.com/adsmanager/manage/campaigns\", waiting until \"networkidle\"\u001b[22m\n\n    at performPlaywrightLogin (D:\\opclaw\\extensions\\ads-campaign-manager\\src\\meta-login.ts:487:16)\n    at Object.execute (D:\\opclaw\\extensions\\ads-campaign-manager\\src\\meta-login.ts:367:24)\n    at Object.wrappedTask (D:\\opclaw\\extensions\\ads-campaign-manager\\src\\worker-pool.ts:32:26)","timestamp":"2026-03-27T06:00:02.763Z"}
{"level":"warn","message":"[WORKER] Task auth-QWRzIENhbXBhaWduIE1hbmFnZXI= failed. Retrying in 2817ms (1/3). Error: page.goto: Timeout 45000ms exceeded.\nCall log:\n\u001b[2m  - navigating to \"https://www.facebook.com/adsmanager/manage/campaigns\", waiting until \"networkidle\"\u001b[22m\n (Screenshot: C:\\Users\\Admin\\AppData\\Local\\Temp\\auth-error-QWRzIENhbXBhaWdu-1774591202432.png)","service":"meta-auth","timestamp":"2026-03-27T06:00:02.764Z"}
{"level":"info","message":"[AUTH] safeAutoLoginOrRenew for QWRzIENhbXBhaWduIE1hbmFnZXI=","service":"meta-auth","timestamp":"2026-03-27T06:00:05.592Z"}
{"businessId":"QWRzIENhbXBhaWduIE1hbmFnZXI=","level":"info","message":"[AUTH] Tier 3: Full Playwright login with randomized fingerprint.","service":"meta-auth","timestamp":"2026-03-27T06:00:05.594Z"}
{"level":"info","message":"[BROWSER] Using fingerprint: Win32 | 1920x1080","service":"meta-auth","timestamp":"2026-03-27T06:00:05.596Z"}
{"level":"info","message":"[AUTH] Submitting login form with reliable method...","service":"meta-auth","timestamp":"2026-03-27T06:00:19.816Z"}
{"level":"info","message":"[RENEW] Industrial mobile token detected (EAAB) - skipping Graph API exchange.","service":"meta-auth","timestamp":"2026-03-27T06:00:43.574Z"}
{"code":1,"error":"Invalid request.","level":"error","message":"[DISCOVERY] CRITICAL: All discovery layers failed.","service":"meta-auth","timestamp":"2026-03-27T06:00:44.269Z","type":"OAuthException"}
{"level":"info","message":"[AUTH] Login SUCCESS - Token active until 2026-05-26T06:00:43.574Z","service":"meta-auth","timestamp":"2026-03-27T06:00:44.270Z"}
{"level":"info","message":"[AUTH] safeAutoLoginOrRenew for QWRzIENhbXBhaWduIE1hbmFnZXI=","service":"meta-auth","timestamp":"2026-03-27T06:49:32.206Z"}
{"businessId":"QWRzIENhbXBhaWduIE1hbmFnZXI=","level":"info","message":"[AUTH] Tier 3: Full Playwright login with randomized fingerprint.","service":"meta-auth","timestamp":"2026-03-27T06:49:32.206Z"}
{"level":"info","message":"[BROWSER] Using fingerprint: Win32 | 1440x900","service":"meta-auth","timestamp":"2026-03-27T06:49:32.209Z"}
{"level":"info","message":"[AUTH] Submitting login form with reliable method...","service":"meta-auth","timestamp":"2026-03-27T06:49:46.960Z"}
{"level":"info","message":"[RENEW] Industrial mobile token detected (EAAB) - skipping Graph API exchange.","service":"meta-auth","timestamp":"2026-03-27T06:50:11.368Z"}
{"code":1,"error":"Invalid request.","level":"error","message":"[DISCOVERY] CRITICAL: All discovery layers failed.","service":"meta-auth","timestamp":"2026-03-27T06:50:11.973Z","type":"OAuthException"}
{"level":"info","message":"[AUTH] Login SUCCESS - Token active until 2026-05-26T06:50:11.368Z","service":"meta-auth","timestamp":"2026-03-27T06:50:11.974Z"}
{"level":"info","message":"[CRON] Initializing Meta Token Renewal Cron Job (every 12 hours).","service":"meta-auth","timestamp":"2026-03-27T07:27:34.152Z"}
{"level":"warn","message":"[DB] Database disabled or pool unavailable — query skipped: INSERT INTO business_config (id, owner_name, business_name, primary_objective, c","service":"meta-auth","timestamp":"2026-03-27T07:27:34.721Z"}
{"level":"warn","message":"[DB] Database disabled or pool unavailable — query skipped: SHOW COLUMNS FROM business_config LIKE 'meta_access_token'","service":"meta-auth","timestamp":"2026-03-27T07:27:34.722Z"}
{"level":"warn","message":"[DB] Database disabled or pool unavailable — query skipped: ALTER TABLE business_config ADD COLUMN meta_access_token TEXT, ADD COLUMN meta_a","service":"meta-auth","timestamp":"2026-03-27T07:27:34.723Z"}
{"level":"warn","message":"[DB] Database disabled or pool unavailable — query skipped: SELECT fb_email, access_token, success_count, fail_count, last_error, last_login","service":"meta-auth","timestamp":"2026-03-27T07:27:34.724Z"}
{"level":"warn","message":"[DB] Database disabled or pool unavailable — query skipped: INSERT INTO business_config (id, owner_name, business_name, primary_objective, c","service":"meta-auth","timestamp":"2026-03-27T07:27:34.725Z"}
{"level":"warn","message":"[DB] Database disabled or pool unavailable — query skipped: SHOW COLUMNS FROM business_config LIKE 'meta_access_token'","service":"meta-auth","timestamp":"2026-03-27T07:27:34.725Z"}
{"level":"warn","message":"[DB] Database disabled or pool unavailable — query skipped: ALTER TABLE business_config ADD COLUMN meta_access_token TEXT, ADD COLUMN meta_a","service":"meta-auth","timestamp":"2026-03-27T07:27:34.726Z"}
{"level":"warn","message":"[DB] Database disabled or pool unavailable — query skipped: SELECT * FROM user_facebook_pages WHERE business_id = ?","service":"meta-auth","timestamp":"2026-03-27T07:27:34.727Z"}
{"level":"warn","message":"[DB] Database disabled or pool unavailable — query skipped: INSERT INTO business_config (id, owner_name, business_name, primary_objective, c","service":"meta-auth","timestamp":"2026-03-27T07:27:34.727Z"}
{"level":"warn","message":"[DB] Database disabled or pool unavailable — query skipped: SHOW COLUMNS FROM business_config LIKE 'meta_access_token'","service":"meta-auth","timestamp":"2026-03-27T07:27:34.728Z"}
{"level":"warn","message":"[DB] Database disabled or pool unavailable — query skipped: ALTER TABLE business_config ADD COLUMN meta_access_token TEXT, ADD COLUMN meta_a","service":"meta-auth","timestamp":"2026-03-27T07:27:34.729Z"}
{"level":"warn","message":"[DB] Database disabled or pool unavailable — query skipped: SELECT * FROM user_facebook_pages WHERE business_id = ?","service":"meta-auth","timestamp":"2026-03-27T07:27:34.729Z"}
{"level":"info","message":"[CRON] Initializing Meta Token Renewal Cron Job (every 12 hours).","service":"meta-auth","timestamp":"2026-03-27T07:49:11.222Z"}
{"level":"warn","message":"[DB] Database disabled or pool unavailable — query skipped: INSERT INTO business_config (id, owner_name, business_name, primary_objective, c","service":"meta-auth","timestamp":"2026-03-27T07:49:14.130Z"}
{"level":"warn","message":"[DB] Database disabled or pool unavailable — query skipped: SHOW COLUMNS FROM business_config LIKE 'meta_access_token'","service":"meta-auth","timestamp":"2026-03-27T07:49:14.131Z"}
{"level":"warn","message":"[DB] Database disabled or pool unavailable — query skipped: ALTER TABLE business_config ADD COLUMN meta_access_token TEXT, ADD COLUMN meta_a","service":"meta-auth","timestamp":"2026-03-27T07:49:14.132Z"}
{"level":"warn","message":"[DB] Database disabled or pool unavailable — query skipped: SELECT fb_email, access_token, success_count, fail_count, last_error, last_login","service":"meta-auth","timestamp":"2026-03-27T07:49:14.133Z"}
{"level":"warn","message":"[DB] Database disabled or pool unavailable — query skipped: INSERT INTO business_config (id, owner_name, business_name, primary_objective, c","service":"meta-auth","timestamp":"2026-03-27T07:49:14.133Z"}
{"level":"warn","message":"[DB] Database disabled or pool unavailable — query skipped: SHOW COLUMNS FROM business_config LIKE 'meta_access_token'","service":"meta-auth","timestamp":"2026-03-27T07:49:14.134Z"}
{"level":"warn","message":"[DB] Database disabled or pool unavailable — query skipped: ALTER TABLE business_config ADD COLUMN meta_access_token TEXT, ADD COLUMN meta_a","service":"meta-auth","timestamp":"2026-03-27T07:49:14.134Z"}
{"level":"warn","message":"[DB] Database disabled or pool unavailable — query skipped: SELECT * FROM user_facebook_pages WHERE business_id = ?","service":"meta-auth","timestamp":"2026-03-27T07:49:14.135Z"}
{"level":"warn","message":"[DB] Database disabled or pool unavailable — query skipped: INSERT INTO business_config (id, owner_name, business_name, primary_objective, c","service":"meta-auth","timestamp":"2026-03-27T07:49:14.135Z"}
{"level":"warn","message":"[DB] Database disabled or pool unavailable — query skipped: SHOW COLUMNS FROM business_config LIKE 'meta_access_token'","service":"meta-auth","timestamp":"2026-03-27T07:49:14.136Z"}
{"level":"warn","message":"[DB] Database disabled or pool unavailable — query skipped: ALTER TABLE business_config ADD COLUMN meta_access_token TEXT, ADD COLUMN meta_a","service":"meta-auth","timestamp":"2026-03-27T07:49:14.136Z"}
{"level":"warn","message":"[DB] Database disabled or pool unavailable — query skipped: SELECT * FROM user_facebook_pages WHERE business_id = ?","service":"meta-auth","timestamp":"2026-03-27T07:49:14.136Z"}
{"level":"info","message":"[CRON] Initializing Meta Token Renewal Cron Job (every 12 hours).","service":"meta-auth","timestamp":"2026-03-27T07:49:30.977Z"}
{"level":"warn","message":"[DB] Database disabled or pool unavailable — query skipped: SELECT * FROM user_meta_auth WHERE business_id = ?","service":"meta-auth","timestamp":"2026-03-27T07:50:18.091Z"}
{"level":"warn","message":"[DB] Database disabled or pool unavailable — query skipped: INSERT INTO business_config (id, owner_name, business_name, primary_objective, c","service":"meta-auth","timestamp":"2026-03-27T07:50:18.091Z"}
{"level":"warn","message":"[DB] Database disabled or pool unavailable — query skipped: SHOW COLUMNS FROM business_config LIKE 'meta_access_token'","service":"meta-auth","timestamp":"2026-03-27T07:50:18.092Z"}
{"level":"warn","message":"[DB] Database disabled or pool unavailable — query skipped: ALTER TABLE business_config ADD COLUMN meta_access_token TEXT, ADD COLUMN meta_a","service":"meta-auth","timestamp":"2026-03-27T07:50:18.093Z"}
{"level":"warn","message":"[DB] Database disabled or pool unavailable — query skipped: SELECT * FROM user_facebook_pages WHERE business_id = ?","service":"meta-auth","timestamp":"2026-03-27T07:50:18.093Z"}
{"level":"info","message":"[AUTH] safeAutoLoginOrRenew for QWRzIENhbXBhaWduIE1hbmFnZXI=","service":"meta-auth","timestamp":"2026-03-27T07:50:45.283Z"}
{"level":"warn","message":"[DB] Database disabled or pool unavailable — query skipped: SELECT * FROM user_meta_auth WHERE business_id = ?","service":"meta-auth","timestamp":"2026-03-27T07:50:45.284Z"}
{"businessId":"QWRzIENhbXBhaWduIE1hbmFnZXI=","level":"info","message":"[AUTH] Tier 3: Full Playwright login with randomized fingerprint.","service":"meta-auth","timestamp":"2026-03-27T07:50:45.285Z"}
{"level":"info","message":"[BROWSER] Using fingerprint: Win32 | 1440x900","service":"meta-auth","timestamp":"2026-03-27T07:50:45.286Z"}
{"level":"info","message":"[AUTH] Submitting login form with reliable method...","service":"meta-auth","timestamp":"2026-03-27T07:51:03.543Z"}
{"level":"info","message":"[AUTH] Navigating to Ads Manager for token extraction...","service":"meta-auth","timestamp":"2026-03-27T07:51:11.337Z"}
{"level":"info","message":"[DISCOVERY] Attempting in-browser Page extraction...","service":"meta-auth","timestamp":"2026-03-27T07:51:19.844Z"}
{"level":"warn","message":"[DISCOVERY] All in-browser strategies returned 0 pages. Will fall back to Graph API post-login.","service":"meta-auth","timestamp":"2026-03-27T07:51:32.828Z"}
{"level":"info","message":"[RENEW] Industrial mobile token detected (EAAB) - skipping Graph API exchange.","service":"meta-auth","timestamp":"2026-03-27T07:51:32.833Z"}
{"level":"info","message":"[DISCOVERY] EAAB (iOS) detected — aligned iOS headers.","service":"meta-auth","timestamp":"2026-03-27T07:51:32.834Z"}
{"level":"info","message":"[DISCOVERY] Layer 1 calling: /me?fields=accounts{...}","service":"meta-auth","timestamp":"2026-03-27T07:51:32.834Z"}
{"level":"info","message":"[DISCOVERY] Layer 2 calling: /me/accounts?fields=...","service":"meta-auth","timestamp":"2026-03-27T07:51:33.172Z"}
{"level":"info","message":"[DISCOVERY] Layer 3 calling: /me/accounts?fields=id,name","service":"meta-auth","timestamp":"2026-03-27T07:51:33.346Z"}
{"code":1,"error":"Invalid request.","level":"error","message":"[DISCOVERY] All Graph API discovery layers failed.","service":"meta-auth","timestamp":"2026-03-27T07:51:33.519Z","type":"OAuthException"}
{"level":"warn","message":"[DISCOVERY] Graph API returned 0 pages. Schedule delayed retry.","service":"meta-auth","timestamp":"2026-03-27T07:51:33.520Z"}
{"level":"warn","message":"[DB] Database disabled or pool unavailable — query skipped: INSERT INTO user_meta_auth (business_id, fb_email, fb_password, fb_2fa_secret, a","service":"meta-auth","timestamp":"2026-03-27T07:51:33.521Z"}
{"level":"warn","message":"[DB] Database disabled or pool unavailable — query skipped: UPDATE business_config SET meta_access_token = ? WHERE id = ?","service":"meta-auth","timestamp":"2026-03-27T07:51:33.521Z"}
{"level":"info","message":"[AUTH] Login SUCCESS - Token active until 2026-05-26T07:51:32.833Z","service":"meta-auth","timestamp":"2026-03-27T07:51:33.522Z"}
{"level":"warn","message":"[DB] Database disabled or pool unavailable — query skipped: UPDATE user_meta_auth SET success_count = success_count + 1, last_error = NULL W","service":"meta-auth","timestamp":"2026-03-27T07:51:33.618Z"}
{"level":"warn","message":"[DB] Database disabled or pool unavailable — query skipped: SELECT * FROM user_meta_auth WHERE business_id = ?","service":"meta-auth","timestamp":"2026-03-27T07:51:46.373Z"}
{"level":"warn","message":"[DB] Database disabled or pool unavailable — query skipped: INSERT INTO business_config (id, owner_name, business_name, primary_objective, c","service":"meta-auth","timestamp":"2026-03-27T07:51:46.374Z"}
{"level":"warn","message":"[DB] Database disabled or pool unavailable — query skipped: SHOW COLUMNS FROM business_config LIKE 'meta_access_token'","service":"meta-auth","timestamp":"2026-03-27T07:51:46.374Z"}
{"level":"warn","message":"[DB] Database disabled or pool unavailable — query skipped: ALTER TABLE business_config ADD COLUMN meta_access_token TEXT, ADD COLUMN meta_a","service":"meta-auth","timestamp":"2026-03-27T07:51:46.375Z"}
{"level":"warn","message":"[DB] Database disabled or pool unavailable — query skipped: SELECT * FROM user_facebook_pages WHERE business_id = ?","service":"meta-auth","timestamp":"2026-03-27T07:51:46.375Z"}
{"level":"info","message":"[DISCOVERY] EAAB (iOS) detected — aligned iOS headers.","service":"meta-auth","timestamp":"2026-03-27T07:52:03.527Z"}
{"level":"info","message":"[DISCOVERY] Layer 1 calling: /me?fields=accounts{...}","service":"meta-auth","timestamp":"2026-03-27T07:52:03.527Z"}
{"level":"info","message":"[DISCOVERY] Layer 2 calling: /me/accounts?fields=...","service":"meta-auth","timestamp":"2026-03-27T07:52:03.926Z"}
{"level":"info","message":"[DISCOVERY] Layer 3 calling: /me/accounts?fields=id,name","service":"meta-auth","timestamp":"2026-03-27T07:52:04.228Z"}
{"code":1,"error":"Invalid request.","level":"error","message":"[DISCOVERY] All Graph API discovery layers failed.","service":"meta-auth","timestamp":"2026-03-27T07:52:04.394Z","type":"OAuthException"}
{"level":"warn","message":"[DB] Database disabled or pool unavailable — query skipped: INSERT INTO business_config (id, owner_name, business_name, primary_objective, c","service":"meta-auth","timestamp":"2026-03-27T08:04:14.288Z"}
{"level":"warn","message":"[DB] Database disabled or pool unavailable — query skipped: SHOW COLUMNS FROM business_config LIKE 'meta_access_token'","service":"meta-auth","timestamp":"2026-03-27T08:04:14.288Z"}
{"level":"warn","message":"[DB] Database disabled or pool unavailable — query skipped: ALTER TABLE business_config ADD COLUMN meta_access_token TEXT, ADD COLUMN meta_a","service":"meta-auth","timestamp":"2026-03-27T08:04:14.289Z"}
{"level":"warn","message":"[DB] Database disabled or pool unavailable — query skipped: SELECT fb_email, access_token, success_count, fail_count, last_error, last_login","service":"meta-auth","timestamp":"2026-03-27T08:04:14.290Z"}
{"level":"warn","message":"[DB] Database disabled or pool unavailable — query skipped: INSERT INTO business_config (id, owner_name, business_name, primary_objective, c","service":"meta-auth","timestamp":"2026-03-27T08:04:14.290Z"}
{"level":"warn","message":"[DB] Database disabled or pool unavailable — query skipped: SHOW COLUMNS FROM business_config LIKE 'meta_access_token'","service":"meta-auth","timestamp":"2026-03-27T08:04:14.291Z"}
{"level":"warn","message":"[DB] Database disabled or pool unavailable — query skipped: ALTER TABLE business_config ADD COLUMN meta_access_token TEXT, ADD COLUMN meta_a","service":"meta-auth","timestamp":"2026-03-27T08:04:14.292Z"}
{"level":"warn","message":"[DB] Database disabled or pool unavailable — query skipped: SELECT * FROM user_facebook_pages WHERE business_id = ?","service":"meta-auth","timestamp":"2026-03-27T08:04:14.292Z"}
{"level":"warn","message":"[DB] Database disabled or pool unavailable — query skipped: INSERT INTO business_config (id, owner_name, business_name, primary_objective, c","service":"meta-auth","timestamp":"2026-03-27T08:04:14.293Z"}
{"level":"warn","message":"[DB] Database disabled or pool unavailable — query skipped: SHOW COLUMNS FROM business_config LIKE 'meta_access_token'","service":"meta-auth","timestamp":"2026-03-27T08:04:14.294Z"}
{"level":"warn","message":"[DB] Database disabled or pool unavailable — query skipped: ALTER TABLE business_config ADD COLUMN meta_access_token TEXT, ADD COLUMN meta_a","service":"meta-auth","timestamp":"2026-03-27T08:04:14.294Z"}
{"level":"warn","message":"[DB] Database disabled or pool unavailable — query skipped: SELECT * FROM user_facebook_pages WHERE business_id = ?","service":"meta-auth","timestamp":"2026-03-27T08:04:14.295Z"}
{"level":"info","message":"[CRON] Initializing Meta Token Renewal Cron Job (every 12 hours).","service":"meta-auth","timestamp":"2026-03-27T08:22:20.713Z"}
{"level":"warn","message":"[DB] Database disabled or pool unavailable — query skipped: INSERT INTO business_config (id, owner_name, business_name, primary_objective, c","service":"meta-auth","timestamp":"2026-03-27T08:22:21.162Z"}
{"level":"warn","message":"[DB] Database disabled or pool unavailable — query skipped: SHOW COLUMNS FROM business_config LIKE 'meta_access_token'","service":"meta-auth","timestamp":"2026-03-27T08:22:21.163Z"}
{"level":"warn","message":"[DB] Database disabled or pool unavailable — query skipped: ALTER TABLE business_config ADD COLUMN meta_access_token TEXT, ADD COLUMN meta_a","service":"meta-auth","timestamp":"2026-03-27T08:22:21.164Z"}
{"level":"warn","message":"[DB] Database disabled or pool unavailable — query skipped: SELECT fb_email, access_token, success_count, fail_count, last_error, last_login","service":"meta-auth","timestamp":"2026-03-27T08:22:21.165Z"}
{"level":"warn","message":"[DB] Database disabled or pool unavailable — query skipped: INSERT INTO business_config (id, owner_name, business_name, primary_objective, c","service":"meta-auth","timestamp":"2026-03-27T08:22:21.165Z"}
{"level":"warn","message":"[DB] Database disabled or pool unavailable — query skipped: SHOW COLUMNS FROM business_config LIKE 'meta_access_token'","service":"meta-auth","timestamp":"2026-03-27T08:22:21.166Z"}
{"level":"warn","message":"[DB] Database disabled or pool unavailable — query skipped: ALTER TABLE business_config ADD COLUMN meta_access_token TEXT, ADD COLUMN meta_a","service":"meta-auth","timestamp":"2026-03-27T08:22:21.166Z"}
{"level":"warn","message":"[DB] Database disabled or pool unavailable — query skipped: SELECT * FROM user_facebook_pages WHERE business_id = ?","service":"meta-auth","timestamp":"2026-03-27T08:22:21.167Z"}
{"level":"warn","message":"[DB] Database disabled or pool unavailable — query skipped: INSERT INTO business_config (id, owner_name, business_name, primary_objective, c","service":"meta-auth","timestamp":"2026-03-27T08:22:21.167Z"}
{"level":"warn","message":"[DB] Database disabled or pool unavailable — query skipped: SHOW COLUMNS FROM business_config LIKE 'meta_access_token'","service":"meta-auth","timestamp":"2026-03-27T08:22:21.168Z"}
{"level":"warn","message":"[DB] Database disabled or pool unavailable — query skipped: ALTER TABLE business_config ADD COLUMN meta_access_token TEXT, ADD COLUMN meta_a","service":"meta-auth","timestamp":"2026-03-27T08:22:21.169Z"}
{"level":"warn","message":"[DB] Database disabled or pool unavailable — query skipped: SELECT * FROM user_facebook_pages WHERE business_id = ?","service":"meta-auth","timestamp":"2026-03-27T08:22:21.169Z"}
{"level":"info","message":"[CRON] Initializing Meta Token Renewal Cron Job (every 12 hours).","service":"meta-auth","timestamp":"2026-03-27T08:22:28.922Z"}
{"level":"warn","message":"[DB] Database disabled or pool unavailable — query skipped: SELECT * FROM user_meta_auth WHERE business_id = ?","service":"meta-auth","timestamp":"2026-03-27T08:23:21.195Z"}
{"level":"warn","message":"[DB] Database disabled or pool unavailable — query skipped: INSERT INTO business_config (id, owner_name, business_name, primary_objective, c","service":"meta-auth","timestamp":"2026-03-27T08:23:21.196Z"}
{"level":"warn","message":"[DB] Database disabled or pool unavailable — query skipped: SHOW COLUMNS FROM business_config LIKE 'meta_access_token'","service":"meta-auth","timestamp":"2026-03-27T08:23:21.196Z"}
{"level":"warn","message":"[DB] Database disabled or pool unavailable — query skipped: ALTER TABLE business_config ADD COLUMN meta_access_token TEXT, ADD COLUMN meta_a","service":"meta-auth","timestamp":"2026-03-27T08:23:21.197Z"}
{"level":"warn","message":"[DB] Database disabled or pool unavailable — query skipped: SELECT * FROM user_facebook_pages WHERE business_id = ?","service":"meta-auth","timestamp":"2026-03-27T08:23:21.198Z"}
{"level":"info","message":"[AUTH] safeAutoLoginOrRenew for QWRzIENhbXBhaWduIE1hbmFnZXI=","service":"meta-auth","timestamp":"2026-03-27T08:23:58.438Z"}
{"level":"warn","message":"[DB] Database disabled or pool unavailable — query skipped: SELECT * FROM user_meta_auth WHERE business_id = ?","service":"meta-auth","timestamp":"2026-03-27T08:23:58.439Z"}
{"businessId":"QWRzIENhbXBhaWduIE1hbmFnZXI=","level":"info","message":"[AUTH] Tier 3: Full Playwright login with randomized fingerprint.","service":"meta-auth","timestamp":"2026-03-27T08:23:58.440Z"}
{"level":"info","message":"[BROWSER] Using fingerprint: MacIntel | 1512x982","service":"meta-auth","timestamp":"2026-03-27T08:23:58.441Z"}
{"level":"info","message":"[AUTH] Submitting login form with reliable method...","service":"meta-auth","timestamp":"2026-03-27T08:24:14.961Z"}
{"level":"info","message":"[AUTH] Navigating to Ads Manager for token extraction...","service":"meta-auth","timestamp":"2026-03-27T08:24:24.199Z"}
{"level":"info","message":"[DISCOVERY] Attempting in-browser Page extraction...","service":"meta-auth","timestamp":"2026-03-27T08:24:33.692Z"}
{"level":"warn","message":"[DISCOVERY] All in-browser strategies returned 0 pages. Will fall back to Graph API post-login.","service":"meta-auth","timestamp":"2026-03-27T08:24:42.780Z"}
{"level":"info","message":"[RENEW] Industrial mobile token detected (EAAB) - skipping Graph API exchange.","service":"meta-auth","timestamp":"2026-03-27T08:24:42.787Z"}
{"level":"info","message":"[DISCOVERY] EAAB (iOS) detected — aligned iOS headers.","service":"meta-auth","timestamp":"2026-03-27T08:24:42.788Z"}
{"level":"info","message":"[DISCOVERY] Layer 1 calling: /me?fields=accounts{...}","service":"meta-auth","timestamp":"2026-03-27T08:24:42.789Z"}
{"level":"info","message":"[DISCOVERY] Layer 2 calling: /me/accounts?fields=...","service":"meta-auth","timestamp":"2026-03-27T08:24:43.115Z"}
{"level":"info","message":"[DISCOVERY] Layer 3 calling: /me/accounts?fields=id,name","service":"meta-auth","timestamp":"2026-03-27T08:24:43.286Z"}
{"code":1,"error":"Invalid request.","level":"error","message":"[DISCOVERY] All Graph API discovery layers failed.","service":"meta-auth","timestamp":"2026-03-27T08:24:43.452Z","type":"OAuthException"}
{"level":"warn","message":"[DISCOVERY] Graph API returned 0 pages. Schedule delayed retry.","service":"meta-auth","timestamp":"2026-03-27T08:24:43.453Z"}
{"level":"warn","message":"[DB] Database disabled or pool unavailable — query skipped: INSERT INTO user_meta_auth (business_id, fb_email, fb_password, fb_2fa_secret, a","service":"meta-auth","timestamp":"2026-03-27T08:24:43.456Z"}
{"level":"warn","message":"[DB] Database disabled or pool unavailable — query skipped: UPDATE business_config SET meta_access_token = ? WHERE id = ?","service":"meta-auth","timestamp":"2026-03-27T08:24:43.456Z"}
{"level":"info","message":"[AUTH] Login SUCCESS - Token active until 2026-05-26T08:24:42.787Z","service":"meta-auth","timestamp":"2026-03-27T08:24:43.457Z"}
{"level":"warn","message":"[DB] Database disabled or pool unavailable — query skipped: UPDATE user_meta_auth SET success_count = success_count + 1, last_error = NULL W","service":"meta-auth","timestamp":"2026-03-27T08:24:43.568Z"}
{"level":"info","message":"[DISCOVERY] EAAB (iOS) detected — aligned iOS headers.","service":"meta-auth","timestamp":"2026-03-27T08:25:13.459Z"}
{"level":"info","message":"[DISCOVERY] Layer 1 calling: /me?fields=accounts{...}","service":"meta-auth","timestamp":"2026-03-27T08:25:13.460Z"}
{"level":"info","message":"[DISCOVERY] Layer 2 calling: /me/accounts?fields=...","service":"meta-auth","timestamp":"2026-03-27T08:25:13.688Z"}
{"level":"info","message":"[DISCOVERY] Layer 3 calling: /me/accounts?fields=id,name","service":"meta-auth","timestamp":"2026-03-27T08:25:13.855Z"}
{"code":1,"error":"Invalid request.","level":"error","message":"[DISCOVERY] All Graph API discovery layers failed.","service":"meta-auth","timestamp":"2026-03-27T08:25:14.022Z","type":"OAuthException"}
{"level":"warn","message":"[DB] Database disabled or pool unavailable — query skipped: SELECT * FROM user_meta_auth WHERE business_id = ?","service":"meta-auth","timestamp":"2026-03-27T08:25:31.879Z"}
{"level":"warn","message":"[DB] Database disabled or pool unavailable — query skipped: INSERT INTO business_config (id, owner_name, business_name, primary_objective, c","service":"meta-auth","timestamp":"2026-03-27T08:25:31.880Z"}
{"level":"warn","message":"[DB] Database disabled or pool unavailable — query skipped: SHOW COLUMNS FROM business_config LIKE 'meta_access_token'","service":"meta-auth","timestamp":"2026-03-27T08:25:31.881Z"}
{"level":"warn","message":"[DB] Database disabled or pool unavailable — query skipped: ALTER TABLE business_config ADD COLUMN meta_access_token TEXT, ADD COLUMN meta_a","service":"meta-auth","timestamp":"2026-03-27T08:25:31.882Z"}
{"level":"warn","message":"[DB] Database disabled or pool unavailable — query skipped: SELECT * FROM user_facebook_pages WHERE business_id = ?","service":"meta-auth","timestamp":"2026-03-27T08:25:31.883Z"}
{"level":"warn","message":"[DB] Database disabled or pool unavailable — query skipped: INSERT INTO business_config (id, owner_name, business_name, primary_objective, c","service":"meta-auth","timestamp":"2026-03-27T08:37:21.330Z"}
{"level":"warn","message":"[DB] Database disabled or pool unavailable — query skipped: SHOW COLUMNS FROM business_config LIKE 'meta_access_token'","service":"meta-auth","timestamp":"2026-03-27T08:37:21.331Z"}
{"level":"warn","message":"[DB] Database disabled or pool unavailable — query skipped: ALTER TABLE business_config ADD COLUMN meta_access_token TEXT, ADD COLUMN meta_a","service":"meta-auth","timestamp":"2026-03-27T08:37:21.332Z"}
{"level":"warn","message":"[DB] Database disabled or pool unavailable — query skipped: SELECT fb_email, access_token, success_count, fail_count, last_error, last_login","service":"meta-auth","timestamp":"2026-03-27T08:37:21.333Z"}
{"level":"warn","message":"[DB] Database disabled or pool unavailable — query skipped: INSERT INTO business_config (id, owner_name, business_name, primary_objective, c","service":"meta-auth","timestamp":"2026-03-27T08:37:21.333Z"}
{"level":"warn","message":"[DB] Database disabled or pool unavailable — query skipped: SHOW COLUMNS FROM business_config LIKE 'meta_access_token'","service":"meta-auth","timestamp":"2026-03-27T08:37:21.333Z"}
{"level":"warn","message":"[DB] Database disabled or pool unavailable — query skipped: ALTER TABLE business_config ADD COLUMN meta_access_token TEXT, ADD COLUMN meta_a","service":"meta-auth","timestamp":"2026-03-27T08:37:21.334Z"}
{"level":"warn","message":"[DB] Database disabled or pool unavailable — query skipped: SELECT * FROM user_facebook_pages WHERE business_id = ?","service":"meta-auth","timestamp":"2026-03-27T08:37:21.334Z"}
{"level":"warn","message":"[DB] Database disabled or pool unavailable — query skipped: INSERT INTO business_config (id, owner_name, business_name, primary_objective, c","service":"meta-auth","timestamp":"2026-03-27T08:37:21.335Z"}
{"level":"warn","message":"[DB] Database disabled or pool unavailable — query skipped: SHOW COLUMNS FROM business_config LIKE 'meta_access_token'","service":"meta-auth","timestamp":"2026-03-27T08:37:21.336Z"}
{"level":"warn","message":"[DB] Database disabled or pool unavailable — query skipped: ALTER TABLE business_config ADD COLUMN meta_access_token TEXT, ADD COLUMN meta_a","service":"meta-auth","timestamp":"2026-03-27T08:37:21.336Z"}
{"level":"warn","message":"[DB] Database disabled or pool unavailable — query skipped: SELECT * FROM user_facebook_pages WHERE business_id = ?","service":"meta-auth","timestamp":"2026-03-27T08:37:21.336Z"}
{"level":"info","message":"[CRON] Initializing Meta Token Renewal Cron Job (every 12 hours).","service":"meta-auth","timestamp":"2026-03-27T08:49:58.874Z"}
{"level":"warn","message":"[DB] Database disabled or pool unavailable — query skipped: INSERT INTO business_config (id, owner_name, business_name, primary_objective, c","service":"meta-auth","timestamp":"2026-03-27T08:49:59.323Z"}
{"level":"warn","message":"[DB] Database disabled or pool unavailable — query skipped: SHOW COLUMNS FROM business_config LIKE 'meta_access_token'","service":"meta-auth","timestamp":"2026-03-27T08:49:59.324Z"}
{"level":"warn","message":"[DB] Database disabled or pool unavailable — query skipped: ALTER TABLE business_config ADD COLUMN meta_access_token TEXT, ADD COLUMN meta_a","service":"meta-auth","timestamp":"2026-03-27T08:49:59.324Z"}
{"level":"warn","message":"[DB] Database disabled or pool unavailable — query skipped: SELECT fb_email, access_token, success_count, fail_count, last_error, last_login","service":"meta-auth","timestamp":"2026-03-27T08:49:59.325Z"}
{"level":"warn","message":"[DB] Database disabled or pool unavailable — query skipped: INSERT INTO business_config (id, owner_name, business_name, primary_objective, c","service":"meta-auth","timestamp":"2026-03-27T08:49:59.325Z"}
{"level":"warn","message":"[DB] Database disabled or pool unavailable — query skipped: SHOW COLUMNS FROM business_config LIKE 'meta_access_token'","service":"meta-auth","timestamp":"2026-03-27T08:49:59.326Z"}
{"level":"warn","message":"[DB] Database disabled or pool unavailable — query skipped: ALTER TABLE business_config ADD COLUMN meta_access_token TEXT, ADD COLUMN meta_a","service":"meta-auth","timestamp":"2026-03-27T08:49:59.326Z"}
{"level":"warn","message":"[DB] Database disabled or pool unavailable — query skipped: SELECT * FROM user_facebook_pages WHERE business_id = ?","service":"meta-auth","timestamp":"2026-03-27T08:49:59.327Z"}
{"level":"warn","message":"[DB] Database disabled or pool unavailable — query skipped: INSERT INTO business_config (id, owner_name, business_name, primary_objective, c","service":"meta-auth","timestamp":"2026-03-27T08:49:59.327Z"}
{"level":"warn","message":"[DB] Database disabled or pool unavailable — query skipped: SHOW COLUMNS FROM business_config LIKE 'meta_access_token'","service":"meta-auth","timestamp":"2026-03-27T08:49:59.328Z"}
{"level":"warn","message":"[DB] Database disabled or pool unavailable — query skipped: ALTER TABLE business_config ADD COLUMN meta_access_token TEXT, ADD COLUMN meta_a","service":"meta-auth","timestamp":"2026-03-27T08:49:59.328Z"}
{"level":"warn","message":"[DB] Database disabled or pool unavailable — query skipped: SELECT * FROM user_facebook_pages WHERE business_id = ?","service":"meta-auth","timestamp":"2026-03-27T08:49:59.328Z"}
{"level":"info","message":"[CRON] Initializing Meta Token Renewal Cron Job (every 12 hours).","service":"meta-auth","timestamp":"2026-03-27T08:50:20.623Z"}
{"level":"warn","message":"[DB] Database disabled or pool unavailable — query skipped: SELECT * FROM user_meta_auth WHERE business_id = ?","service":"meta-auth","timestamp":"2026-03-27T08:51:14.074Z"}
{"level":"warn","message":"[DB] Database disabled or pool unavailable — query skipped: INSERT INTO business_config (id, owner_name, business_name, primary_objective, c","service":"meta-auth","timestamp":"2026-03-27T08:51:14.075Z"}
{"level":"warn","message":"[DB] Database disabled or pool unavailable — query skipped: SHOW COLUMNS FROM business_config LIKE 'meta_access_token'","service":"meta-auth","timestamp":"2026-03-27T08:51:14.075Z"}
{"level":"warn","message":"[DB] Database disabled or pool unavailable — query skipped: ALTER TABLE business_config ADD COLUMN meta_access_token TEXT, ADD COLUMN meta_a","service":"meta-auth","timestamp":"2026-03-27T08:51:14.076Z"}
{"level":"warn","message":"[DB] Database disabled or pool unavailable — query skipped: SELECT * FROM user_facebook_pages WHERE business_id = ?","service":"meta-auth","timestamp":"2026-03-27T08:51:14.077Z"}
{"level":"info","message":"[AUTH] safeAutoLoginOrRenew for QWRzIENhbXBhaWduIE1hbmFnZXI=","service":"meta-auth","timestamp":"2026-03-27T08:51:24.775Z"}
{"level":"warn","message":"[DB] Database disabled or pool unavailable — query skipped: SELECT * FROM user_meta_auth WHERE business_id = ?","service":"meta-auth","timestamp":"2026-03-27T08:51:24.776Z"}
{"businessId":"QWRzIENhbXBhaWduIE1hbmFnZXI=","level":"info","message":"[AUTH] Tier 3: Full Playwright login with randomized fingerprint.","service":"meta-auth","timestamp":"2026-03-27T08:51:24.777Z"}
{"level":"info","message":"[BROWSER] Using fingerprint: Win32 | 1440x900","service":"meta-auth","timestamp":"2026-03-27T08:51:24.780Z"}
{"level":"info","message":"[AUTH] Submitting login form with reliable method...","service":"meta-auth","timestamp":"2026-03-27T08:51:42.357Z"}
{"level":"info","message":"[AUTH] Navigating to Ads Manager for token extraction...","service":"meta-auth","timestamp":"2026-03-27T08:51:50.625Z"}
{"level":"info","message":"[DISCOVERY] Attempting in-browser Page extraction...","service":"meta-auth","timestamp":"2026-03-27T08:52:01.547Z"}
{"level":"warn","message":"[DISCOVERY] All in-browser strategies returned 0 pages. Will fall back to Graph API post-login.","service":"meta-auth","timestamp":"2026-03-27T08:52:11.635Z"}
{"level":"info","message":"[RENEW] Industrial mobile token detected (EAAB) - skipping Graph API exchange.","service":"meta-auth","timestamp":"2026-03-27T08:52:11.639Z"}
{"level":"info","message":"[DISCOVERY] EAAB (iOS) detected — aligned iOS headers.","service":"meta-auth","timestamp":"2026-03-27T08:52:11.639Z"}
{"level":"info","message":"[DISCOVERY] Layer 1 calling: /me?fields=accounts{...}","service":"meta-auth","timestamp":"2026-03-27T08:52:11.640Z"}
{"level":"info","message":"[DISCOVERY] Layer 2 calling: /me/accounts?fields=...","service":"meta-auth","timestamp":"2026-03-27T08:52:11.947Z"}
{"level":"info","message":"[DISCOVERY] Layer 3 calling: /me/accounts?fields=id,name","service":"meta-auth","timestamp":"2026-03-27T08:52:12.117Z"}
{"code":1,"error":"Invalid request.","level":"error","message":"[DISCOVERY] All Graph API discovery layers failed.","service":"meta-auth","timestamp":"2026-03-27T08:52:12.283Z","type":"OAuthException"}
{"level":"warn","message":"[DISCOVERY] Graph API returned 0 pages. Schedule delayed retry.","service":"meta-auth","timestamp":"2026-03-27T08:52:12.284Z"}
{"level":"warn","message":"[DB] Database disabled or pool unavailable — query skipped: INSERT INTO user_meta_auth (business_id, fb_email, fb_password, fb_2fa_secret, a","service":"meta-auth","timestamp":"2026-03-27T08:52:12.285Z"}
{"level":"warn","message":"[DB] Database disabled or pool unavailable — query skipped: UPDATE business_config SET meta_access_token = ? WHERE id = ?","service":"meta-auth","timestamp":"2026-03-27T08:52:12.286Z"}
{"level":"info","message":"[AUTH] Login SUCCESS - Token active until 2026-05-26T08:52:11.639Z","service":"meta-auth","timestamp":"2026-03-27T08:52:12.286Z"}
{"level":"warn","message":"[DB] Database disabled or pool unavailable — query skipped: UPDATE user_meta_auth SET success_count = success_count + 1, last_error = NULL W","service":"meta-auth","timestamp":"2026-03-27T08:52:12.399Z"}
{"level":"warn","message":"[DB] Database disabled or pool unavailable — query skipped: SELECT * FROM user_meta_auth WHERE business_id = ?","service":"meta-auth","timestamp":"2026-03-27T08:52:41.810Z"}
{"level":"warn","message":"[DB] Database disabled or pool unavailable — query skipped: INSERT INTO business_config (id, owner_name, business_name, primary_objective, c","service":"meta-auth","timestamp":"2026-03-27T08:52:41.811Z"}
{"level":"warn","message":"[DB] Database disabled or pool unavailable — query skipped: SHOW COLUMNS FROM business_config LIKE 'meta_access_token'","service":"meta-auth","timestamp":"2026-03-27T08:52:41.812Z"}
{"level":"warn","message":"[DB] Database disabled or pool unavailable — query skipped: ALTER TABLE business_config ADD COLUMN meta_access_token TEXT, ADD COLUMN meta_a","service":"meta-auth","timestamp":"2026-03-27T08:52:41.812Z"}
{"level":"warn","message":"[DB] Database disabled or pool unavailable — query skipped: SELECT * FROM user_facebook_pages WHERE business_id = ?","service":"meta-auth","timestamp":"2026-03-27T08:52:41.813Z"}
{"level":"info","message":"[DISCOVERY] EAAB (iOS) detected — aligned iOS headers.","service":"meta-auth","timestamp":"2026-03-27T08:52:42.294Z"}
{"level":"info","message":"[DISCOVERY] Layer 1 calling: /me?fields=accounts{...}","service":"meta-auth","timestamp":"2026-03-27T08:52:42.294Z"}
{"level":"info","message":"[DISCOVERY] Layer 2 calling: /me/accounts?fields=...","service":"meta-auth","timestamp":"2026-03-27T08:52:42.611Z"}
{"level":"info","message":"[DISCOVERY] Layer 3 calling: /me/accounts?fields=id,name","service":"meta-auth","timestamp":"2026-03-27T08:52:42.770Z"}
{"code":1,"error":"Invalid request.","level":"error","message":"[DISCOVERY] All Graph API discovery layers failed.","service":"meta-auth","timestamp":"2026-03-27T08:52:42.934Z","type":"OAuthException"}
{"level":"info","message":"[CRON] Initializing Meta Token Renewal Cron Job (every 12 hours).","service":"meta-auth","timestamp":"2026-03-27T09:04:27.896Z"}
{"level":"warn","message":"[DB] Database disabled or pool unavailable — query skipped: INSERT INTO business_config (id, owner_name, business_name, primary_objective, c","service":"meta-auth","timestamp":"2026-03-27T09:04:28.379Z"}
{"level":"warn","message":"[DB] Database disabled or pool unavailable — query skipped: SHOW COLUMNS FROM business_config LIKE 'meta_access_token'","service":"meta-auth","timestamp":"2026-03-27T09:04:28.388Z"}
{"level":"warn","message":"[DB] Database disabled or pool unavailable — query skipped: ALTER TABLE business_config ADD COLUMN meta_access_token TEXT, ADD COLUMN meta_a","service":"meta-auth","timestamp":"2026-03-27T09:04:28.397Z"}
{"level":"warn","message":"[DB] Database disabled or pool unavailable — query skipped: SELECT fb_email, access_token, success_count, fail_count, last_error, last_login","service":"meta-auth","timestamp":"2026-03-27T09:04:28.408Z"}
{"level":"warn","message":"[DB] Database disabled or pool unavailable — query skipped: INSERT INTO business_config (id, owner_name, business_name, primary_objective, c","service":"meta-auth","timestamp":"2026-03-27T09:04:28.418Z"}
{"level":"warn","message":"[DB] Database disabled or pool unavailable — query skipped: SHOW COLUMNS FROM business_config LIKE 'meta_access_token'","service":"meta-auth","timestamp":"2026-03-27T09:04:28.426Z"}
{"level":"warn","message":"[DB] Database disabled or pool unavailable — query skipped: ALTER TABLE business_config ADD COLUMN meta_access_token TEXT, ADD COLUMN meta_a","service":"meta-auth","timestamp":"2026-03-27T09:04:28.435Z"}
{"level":"warn","message":"[DB] Database disabled or pool unavailable — query skipped: SELECT * FROM user_facebook_pages WHERE business_id = ?","service":"meta-auth","timestamp":"2026-03-27T09:04:28.447Z"}
{"level":"warn","message":"[DB] Database disabled or pool unavailable — query skipped: INSERT INTO business_config (id, owner_name, business_name, primary_objective, c","service":"meta-auth","timestamp":"2026-03-27T09:04:28.455Z"}
{"level":"warn","message":"[DB] Database disabled or pool unavailable — query skipped: SHOW COLUMNS FROM business_config LIKE 'meta_access_token'","service":"meta-auth","timestamp":"2026-03-27T09:04:28.467Z"}
{"level":"warn","message":"[DB] Database disabled or pool unavailable — query skipped: ALTER TABLE business_config ADD COLUMN meta_access_token TEXT, ADD COLUMN meta_a","service":"meta-auth","timestamp":"2026-03-27T09:04:28.475Z"}
{"level":"warn","message":"[DB] Database disabled or pool unavailable — query skipped: SELECT * FROM user_facebook_pages WHERE business_id = ?","service":"meta-auth","timestamp":"2026-03-27T09:04:28.483Z"}
{"level":"info","message":"[CRON] Initializing Meta Token Renewal Cron Job (every 12 hours).","service":"meta-auth","timestamp":"2026-03-27T09:04:41.213Z"}
{"level":"warn","message":"[DB] Database disabled or pool unavailable — query skipped: SELECT * FROM user_meta_auth WHERE business_id = ?","service":"meta-auth","timestamp":"2026-03-27T09:05:08.843Z"}
{"level":"warn","message":"[DB] Database disabled or pool unavailable — query skipped: INSERT INTO business_config (id, owner_name, business_name, primary_objective, c","service":"meta-auth","timestamp":"2026-03-27T09:05:08.853Z"}
{"level":"warn","message":"[DB] Database disabled or pool unavailable — query skipped: SHOW COLUMNS FROM business_config LIKE 'meta_access_token'","service":"meta-auth","timestamp":"2026-03-27T09:05:08.861Z"}
{"level":"warn","message":"[DB] Database disabled or pool unavailable — query skipped: ALTER TABLE business_config ADD COLUMN meta_access_token TEXT, ADD COLUMN meta_a","service":"meta-auth","timestamp":"2026-03-27T09:05:08.872Z"}
{"level":"warn","message":"[DB] Database disabled or pool unavailable — query skipped: SELECT * FROM user_facebook_pages WHERE business_id = ?","service":"meta-auth","timestamp":"2026-03-27T09:05:08.879Z"}
{"level":"info","message":"[AUTH] safeAutoLoginOrRenew for QWRzIENhbXBhaWduIE1hbmFnZXI=","service":"meta-auth","timestamp":"2026-03-27T09:05:38.063Z"}
{"level":"warn","message":"[DB] Database disabled or pool unavailable — query skipped: SELECT * FROM user_meta_auth WHERE business_id = ?","service":"meta-auth","timestamp":"2026-03-27T09:05:38.076Z"}
{"businessId":"QWRzIENhbXBhaWduIE1hbmFnZXI=","level":"info","message":"[AUTH] Tier 3: Full Playwright login with randomized fingerprint.","service":"meta-auth","timestamp":"2026-03-27T09:05:38.077Z"}
{"level":"info","message":"[BROWSER] Using fingerprint: Linux armv8l | 390x844","service":"meta-auth","timestamp":"2026-03-27T09:05:38.077Z"}
{"level":"info","message":"[AUTH] Submitting login form with reliable method...","service":"meta-auth","timestamp":"2026-03-27T09:05:55.473Z"}
{"level":"info","message":"[AUTH] Navigating to Ads Manager for token extraction...","service":"meta-auth","timestamp":"2026-03-27T09:06:02.896Z"}
{"level":"info","message":"[DISCOVERY] Attempting in-browser Page extraction...","service":"meta-auth","timestamp":"2026-03-27T09:06:13.431Z"}
{"level":"warn","message":"[DISCOVERY] All in-browser strategies returned 0 pages. Will fall back to Graph API post-login.","service":"meta-auth","timestamp":"2026-03-27T09:06:24.047Z"}
{"level":"info","message":"[RENEW] Industrial mobile token detected (EAAB) - skipping Graph API exchange.","service":"meta-auth","timestamp":"2026-03-27T09:06:24.052Z"}
{"level":"info","message":"[DISCOVERY] EAAB (iOS) detected — aligned iOS headers.","service":"meta-auth","timestamp":"2026-03-27T09:06:24.053Z"}
{"level":"info","message":"[DISCOVERY] Layer 1 calling: /me?fields=accounts{...}","service":"meta-auth","timestamp":"2026-03-27T09:06:24.053Z"}
{"level":"info","message":"[DISCOVERY] Layer 2 calling: /me/accounts?fields=...","service":"meta-auth","timestamp":"2026-03-27T09:06:24.367Z"}
{"level":"info","message":"[DISCOVERY] Layer 3 calling: /me/accounts?fields=id,name","service":"meta-auth","timestamp":"2026-03-27T09:06:24.537Z"}
{"code":1,"error":"Invalid request.","level":"error","message":"[DISCOVERY] All Graph API discovery layers failed.","service":"meta-auth","timestamp":"2026-03-27T09:06:24.707Z","type":"OAuthException"}
{"level":"warn","message":"[DISCOVERY] Graph API returned 0 pages. Schedule delayed retry.","service":"meta-auth","timestamp":"2026-03-27T09:06:24.708Z"}
{"level":"warn","message":"[DB] Database disabled or pool unavailable — query skipped: INSERT INTO user_meta_auth (business_id, fb_email, fb_password, fb_2fa_secret, a","service":"meta-auth","timestamp":"2026-03-27T09:06:24.721Z"}
{"level":"warn","message":"[DB] Database disabled or pool unavailable — query skipped: UPDATE business_config SET meta_access_token = ? WHERE id = ?","service":"meta-auth","timestamp":"2026-03-27T09:06:24.729Z"}
{"level":"info","message":"[AUTH] Login SUCCESS - Token active until 2026-05-26T09:06:24.052Z","service":"meta-auth","timestamp":"2026-03-27T09:06:24.730Z"}
{"level":"warn","message":"[DB] Database disabled or pool unavailable — query skipped: UPDATE user_meta_auth SET success_count = success_count + 1, last_error = NULL W","service":"meta-auth","timestamp":"2026-03-27T09:06:24.832Z"}
{"level":"info","message":"[DISCOVERY] EAAB (iOS) detected — aligned iOS headers.","service":"meta-auth","timestamp":"2026-03-27T09:06:54.724Z"}
{"level":"info","message":"[DISCOVERY] Layer 1 calling: /me?fields=accounts{...}","service":"meta-auth","timestamp":"2026-03-27T09:06:54.726Z"}
{"level":"info","message":"[DISCOVERY] Layer 2 calling: /me/accounts?fields=...","service":"meta-auth","timestamp":"2026-03-27T09:06:55.010Z"}
{"level":"info","message":"[DISCOVERY] Layer 3 calling: /me/accounts?fields=id,name","service":"meta-auth","timestamp":"2026-03-27T09:06:55.182Z"}
{"code":1,"error":"Invalid request.","level":"error","message":"[DISCOVERY] All Graph API discovery layers failed.","service":"meta-auth","timestamp":"2026-03-27T09:06:55.350Z","type":"OAuthException"}
{"level":"warn","message":"[DB] Database disabled or pool unavailable — query skipped: SELECT * FROM user_meta_auth WHERE business_id = ?","service":"meta-auth","timestamp":"2026-03-27T09:07:04.583Z"}
{"level":"warn","message":"[DB] Database disabled or pool unavailable — query skipped: INSERT INTO business_config (id, owner_name, business_name, primary_objective, c","service":"meta-auth","timestamp":"2026-03-27T09:07:04.592Z"}
{"level":"warn","message":"[DB] Database disabled or pool unavailable — query skipped: SHOW COLUMNS FROM business_config LIKE 'meta_access_token'","service":"meta-auth","timestamp":"2026-03-27T09:07:04.599Z"}
{"level":"warn","message":"[DB] Database disabled or pool unavailable — query skipped: ALTER TABLE business_config ADD COLUMN meta_access_token TEXT, ADD COLUMN meta_a","service":"meta-auth","timestamp":"2026-03-27T09:07:04.607Z"}
{"level":"warn","message":"[DB] Database disabled or pool unavailable — query skipped: SELECT * FROM user_facebook_pages WHERE business_id = ?","service":"meta-auth","timestamp":"2026-03-27T09:07:04.614Z"}
{"level":"info","message":"[CRON] Initializing Meta Token Renewal Cron Job (every 12 hours).","service":"meta-auth","timestamp":"2026-03-27T09:11:39.637Z"}
{"level":"warn","message":"[DB] Database disabled or pool unavailable — query skipped: INSERT INTO business_config (id, owner_name, business_name, primary_objective, c","service":"meta-auth","timestamp":"2026-03-27T09:11:39.781Z"}
{"level":"warn","message":"[DB] Database disabled or pool unavailable — query skipped: SHOW COLUMNS FROM business_config LIKE 'meta_access_token'","service":"meta-auth","timestamp":"2026-03-27T09:11:39.788Z"}
{"level":"warn","message":"[DB] Database disabled or pool unavailable — query skipped: ALTER TABLE business_config ADD COLUMN meta_access_token TEXT, ADD COLUMN meta_a","service":"meta-auth","timestamp":"2026-03-27T09:11:39.795Z"}
{"level":"warn","message":"[DB] Database disabled or pool unavailable — query skipped: SELECT fb_email, access_token, success_count, fail_count, last_error, last_login","service":"meta-auth","timestamp":"2026-03-27T09:11:39.809Z"}
{"level":"warn","message":"[DB] Database disabled or pool unavailable — query skipped: INSERT INTO business_config (id, owner_name, business_name, primary_objective, c","service":"meta-auth","timestamp":"2026-03-27T09:11:39.819Z"}
{"level":"warn","message":"[DB] Database disabled or pool unavailable — query skipped: SHOW COLUMNS FROM business_config LIKE 'meta_access_token'","service":"meta-auth","timestamp":"2026-03-27T09:11:39.827Z"}
{"level":"warn","message":"[DB] Database disabled or pool unavailable — query skipped: ALTER TABLE business_config ADD COLUMN meta_access_token TEXT, ADD COLUMN meta_a","service":"meta-auth","timestamp":"2026-03-27T09:11:39.835Z"}
{"level":"warn","message":"[DB] Database disabled or pool unavailable — query skipped: SELECT * FROM user_facebook_pages WHERE business_id = ?","service":"meta-auth","timestamp":"2026-03-27T09:11:39.843Z"}
{"level":"warn","message":"[DB] Database disabled or pool unavailable — query skipped: INSERT INTO business_config (id, owner_name, business_name, primary_objective, c","service":"meta-auth","timestamp":"2026-03-27T09:11:39.850Z"}
{"level":"warn","message":"[DB] Database disabled or pool unavailable — query skipped: SHOW COLUMNS FROM business_config LIKE 'meta_access_token'","service":"meta-auth","timestamp":"2026-03-27T09:11:39.860Z"}
{"level":"warn","message":"[DB] Database disabled or pool unavailable — query skipped: ALTER TABLE business_config ADD COLUMN meta_access_token TEXT, ADD COLUMN meta_a","service":"meta-auth","timestamp":"2026-03-27T09:11:39.867Z"}
{"level":"warn","message":"[DB] Database disabled or pool unavailable — query skipped: SELECT * FROM user_facebook_pages WHERE business_id = ?","service":"meta-auth","timestamp":"2026-03-27T09:11:39.874Z"}
{"level":"info","message":"[CRON] Initializing Meta Token Renewal Cron Job (every 12 hours).","service":"meta-auth","timestamp":"2026-03-27T09:24:36.757Z"}
{"level":"info","message":"[CRON] Initializing Meta Token Renewal Cron Job (every 12 hours).","service":"meta-auth","timestamp":"2026-03-27T09:24:42.581Z"}
{"level":"info","message":"[CRON] Initializing Meta Token Renewal Cron Job (every 12 hours).","service":"meta-auth","timestamp":"2026-03-27T09:24:49.788Z"}
{"level":"info","message":"[CRON] Initializing Meta Token Renewal Cron Job (every 12 hours).","service":"meta-auth","timestamp":"2026-03-27T09:35:09.625Z"}
{"level":"info","message":"[CRON] Initializing Meta Token Renewal Cron Job (every 12 hours).","service":"meta-auth","timestamp":"2026-03-27T09:52:19.534Z"}
{"level":"info","message":"[CRON] Initializing Meta Token Renewal Cron Job (every 12 hours).","service":"meta-auth","timestamp":"2026-03-27T09:52:24.499Z"}
{"level":"info","message":"[CRON] Initializing Meta Token Renewal Cron Job (every 12 hours).","service":"meta-auth","timestamp":"2026-03-27T17:14:34.053Z"}
{"level":"info","message":"[CRON] Initializing Meta Token Renewal Cron Job (every 12 hours).","service":"meta-auth","timestamp":"2026-03-27T17:16:01.561Z"}
{"level":"info","message":"[CRON] Initializing Meta Token Renewal Cron Job (every 12 hours).","service":"meta-auth","timestamp":"2026-03-27T17:25:53.995Z"}
{"level":"info","message":"[CRON] Initializing Meta Token Renewal Cron Job (every 12 hours).","service":"meta-auth","timestamp":"2026-03-27T17:27:16.935Z"}
{"level":"info","message":"[CRON] Initializing Meta Token Renewal Cron Job (every 12 hours).","service":"meta-auth","timestamp":"2026-03-27T17:28:53.634Z"}
{"level":"info","message":"[AUTH] safeAutoLoginOrRenew for QWRzIENhbXBhaWduIE1hbmFnZXI=","service":"meta-auth","timestamp":"2026-03-27T17:29:08.805Z"}
{"businessId":"QWRzIENhbXBhaWduIE1hbmFnZXI=","level":"info","message":"[AUTH] Tier 3: Full Playwright login with randomized fingerprint.","service":"meta-auth","timestamp":"2026-03-27T17:29:08.833Z"}
{"level":"info","message":"[BROWSER] Using fingerprint: Win32 | 1920x1080","service":"meta-auth","timestamp":"2026-03-27T17:29:08.834Z"}
{"level":"info","message":"[AUTH] Submitting login form with reliable method...","service":"meta-auth","timestamp":"2026-03-27T17:29:29.457Z"}
{"level":"info","message":"[AUTH] 2FA checkpoint detected.","service":"meta-auth","timestamp":"2026-03-27T17:29:36.011Z"}
{"level":"error","message":"[AUTH] Screenshot saved: C:\\Users\\Admin\\AppData\\Local\\Temp\\auth-error-QWRzIENhbXBhaWdu-1774632576012.png","service":"meta-auth","timestamp":"2026-03-27T17:29:36.253Z"}
{"level":"error","message":"[CRITICAL] QWRzIENhbXBhaWduIE1hbmFnZXI=: 2FA required but no secret provided. (Screenshot: C:\\Users\\Admin\\AppData\\Local\\Temp\\auth-error-QWRzIENhbXBhaWdu-1774632576012.png)","phase":"safeAutoLoginOrRenew","service":"meta-auth","stack":"Error: 2FA required but no secret provided. (Screenshot: C:\\Users\\Admin\\AppData\\Local\\Temp\\auth-error-QWRzIENhbXBhaWdu-1774632576012.png)\n    at performPlaywrightLogin (D:\\opclaw\\extensions\\ads-campaign-manager\\src\\meta-login.ts:491:45)\n    at Object.execute (D:\\opclaw\\extensions\\ads-campaign-manager\\src\\meta-login.ts:393:24)\n    at Object.wrappedTask [as fn] (D:\\opclaw\\extensions\\ads-campaign-manager\\src\\worker-pool.ts:32:26)","timestamp":"2026-03-27T17:29:36.382Z"}
{"level":"warn","message":"[WORKER] Task auth-QWRzIENhbXBhaWduIE1hbmFnZXI= failed. Retrying in 2808ms (1/3). Error: 2FA required but no secret provided. (Screenshot: C:\\Users\\Admin\\AppData\\Local\\Temp\\auth-error-QWRzIENhbXBhaWdu-1774632576012.png)","service":"meta-auth","timestamp":"2026-03-27T17:29:36.406Z"}
{"level":"info","message":"[AUTH] safeAutoLoginOrRenew for QWRzIENhbXBhaWduIE1hbmFnZXI=","service":"meta-auth","timestamp":"2026-03-27T17:29:39.228Z"}
{"businessId":"QWRzIENhbXBhaWduIE1hbmFnZXI=","level":"info","message":"[AUTH] Tier 3: Full Playwright login with randomized fingerprint.","service":"meta-auth","timestamp":"2026-03-27T17:29:39.244Z"}
{"level":"info","message":"[BROWSER] Using fingerprint: Linux armv8l | 390x844","service":"meta-auth","timestamp":"2026-03-27T17:29:39.246Z"}
{"level":"info","message":"[AUTH] Submitting login form with reliable method...","service":"meta-auth","timestamp":"2026-03-27T17:29:53.426Z"}
{"level":"info","message":"[AUTH] 2FA checkpoint detected.","service":"meta-auth","timestamp":"2026-03-27T17:30:00.135Z"}
{"level":"error","message":"[AUTH] Screenshot saved: C:\\Users\\Admin\\AppData\\Local\\Temp\\auth-error-QWRzIENhbXBhaWdu-1774632600136.png","service":"meta-auth","timestamp":"2026-03-27T17:30:00.530Z"}
{"level":"error","message":"[CRITICAL] QWRzIENhbXBhaWduIE1hbmFnZXI=: 2FA required but no secret provided. (Screenshot: C:\\Users\\Admin\\AppData\\Local\\Temp\\auth-error-QWRzIENhbXBhaWdu-1774632600136.png)","phase":"safeAutoLoginOrRenew","service":"meta-auth","stack":"Error: 2FA required but no secret provided. (Screenshot: C:\\Users\\Admin\\AppData\\Local\\Temp\\auth-error-QWRzIENhbXBhaWdu-1774632600136.png)\n    at performPlaywrightLogin (D:\\opclaw\\extensions\\ads-campaign-manager\\src\\meta-login.ts:491:45)\n    at Object.execute (D:\\opclaw\\extensions\\ads-campaign-manager\\src\\meta-login.ts:393:24)\n    at Object.wrappedTask [as fn] (D:\\opclaw\\extensions\\ads-campaign-manager\\src\\worker-pool.ts:32:26)","timestamp":"2026-03-27T17:30:00.643Z"}
{"level":"warn","message":"[WORKER] Task auth-QWRzIENhbXBhaWduIE1hbmFnZXI= failed. Retrying in 4758ms (2/3). Error: 2FA required but no secret provided. (Screenshot: C:\\Users\\Admin\\AppData\\Local\\Temp\\auth-error-QWRzIENhbXBhaWdu-1774632600136.png)","service":"meta-auth","timestamp":"2026-03-27T17:30:00.661Z"}
{"level":"info","message":"[AUTH] safeAutoLoginOrRenew for QWRzIENhbXBhaWduIE1hbmFnZXI=","service":"meta-auth","timestamp":"2026-03-27T17:30:05.432Z"}
{"businessId":"QWRzIENhbXBhaWduIE1hbmFnZXI=","level":"info","message":"[AUTH] Tier 3: Full Playwright login with randomized fingerprint.","service":"meta-auth","timestamp":"2026-03-27T17:30:05.448Z"}
{"level":"info","message":"[BROWSER] Using fingerprint: Win32 | 1920x1080","service":"meta-auth","timestamp":"2026-03-27T17:30:05.449Z"}
{"level":"info","message":"[AUTH] Submitting login form with reliable method...","service":"meta-auth","timestamp":"2026-03-27T17:30:18.599Z"}
{"level":"info","message":"[AUTH] 2FA checkpoint detected.","service":"meta-auth","timestamp":"2026-03-27T17:30:27.706Z"}
{"level":"error","message":"[AUTH] Screenshot saved: C:\\Users\\Admin\\AppData\\Local\\Temp\\auth-error-QWRzIENhbXBhaWdu-1774632627707.png","service":"meta-auth","timestamp":"2026-03-27T17:30:27.953Z"}
{"level":"error","message":"[CRITICAL] QWRzIENhbXBhaWduIE1hbmFnZXI=: 2FA required but no secret provided. (Screenshot: C:\\Users\\Admin\\AppData\\Local\\Temp\\auth-error-QWRzIENhbXBhaWdu-1774632627707.png)","phase":"safeAutoLoginOrRenew","service":"meta-auth","stack":"Error: 2FA required but no secret provided. (Screenshot: C:\\Users\\Admin\\AppData\\Local\\Temp\\auth-error-QWRzIENhbXBhaWdu-1774632627707.png)\n    at performPlaywrightLogin (D:\\opclaw\\extensions\\ads-campaign-manager\\src\\meta-login.ts:491:45)\n    at Object.execute (D:\\opclaw\\extensions\\ads-campaign-manager\\src\\meta-login.ts:393:24)\n    at Object.wrappedTask [as fn] (D:\\opclaw\\extensions\\ads-campaign-manager\\src\\worker-pool.ts:32:26)","timestamp":"2026-03-27T17:30:28.101Z"}
{"level":"warn","message":"[WORKER] Task auth-QWRzIENhbXBhaWduIE1hbmFnZXI= failed. Retrying in 8905ms (3/3). Error: 2FA required but no secret provided. (Screenshot: C:\\Users\\Admin\\AppData\\Local\\Temp\\auth-error-QWRzIENhbXBhaWdu-1774632627707.png)","service":"meta-auth","timestamp":"2026-03-27T17:30:28.114Z"}
{"level":"info","message":"[AUTH] safeAutoLoginOrRenew for QWRzIENhbXBhaWduIE1hbmFnZXI=","service":"meta-auth","timestamp":"2026-03-27T17:30:37.032Z"}
{"businessId":"QWRzIENhbXBhaWduIE1hbmFnZXI=","level":"info","message":"[AUTH] Tier 3: Full Playwright login with randomized fingerprint.","service":"meta-auth","timestamp":"2026-03-27T17:30:37.045Z"}
{"level":"info","message":"[BROWSER] Using fingerprint: Win32 | 1366x768","service":"meta-auth","timestamp":"2026-03-27T17:30:37.047Z"}
{"level":"info","message":"[AUTH] Submitting login form with reliable method...","service":"meta-auth","timestamp":"2026-03-27T17:30:50.004Z"}
{"level":"info","message":"[AUTH] 2FA checkpoint detected.","service":"meta-auth","timestamp":"2026-03-27T17:30:57.842Z"}
{"level":"error","message":"[AUTH] Screenshot saved: C:\\Users\\Admin\\AppData\\Local\\Temp\\auth-error-QWRzIENhbXBhaWdu-1774632657843.png","service":"meta-auth","timestamp":"2026-03-27T17:30:58.000Z"}
{"level":"error","message":"[CRITICAL] QWRzIENhbXBhaWduIE1hbmFnZXI=: 2FA required but no secret provided. (Screenshot: C:\\Users\\Admin\\AppData\\Local\\Temp\\auth-error-QWRzIENhbXBhaWdu-1774632657843.png)","phase":"safeAutoLoginOrRenew","service":"meta-auth","stack":"Error: 2FA required but no secret provided. (Screenshot: C:\\Users\\Admin\\AppData\\Local\\Temp\\auth-error-QWRzIENhbXBhaWdu-1774632657843.png)\n    at performPlaywrightLogin (D:\\opclaw\\extensions\\ads-campaign-manager\\src\\meta-login.ts:491:45)\n    at Object.execute (D:\\opclaw\\extensions\\ads-campaign-manager\\src\\meta-login.ts:393:24)\n    at Object.wrappedTask [as fn] (D:\\opclaw\\extensions\\ads-campaign-manager\\src\\worker-pool.ts:32:26)","timestamp":"2026-03-27T17:30:58.089Z"}
{"level":"error","message":"[WORKER] Task auth-QWRzIENhbXBhaWduIE1hbmFnZXI= failed after 3 retries.","service":"meta-auth","timestamp":"2026-03-27T17:30:58.100Z"}
{"level":"info","message":"[CRON] Initializing Meta Token Renewal Cron Job (every 12 hours).","service":"meta-auth","timestamp":"2026-03-27T17:59:19.212Z"}
{"level":"info","message":"[CRON] Initializing Meta Token Renewal Cron Job (every 12 hours).","service":"meta-auth","timestamp":"2026-03-27T18:07:50.094Z"}
{"level":"info","message":"[AUTH] safeAutoLoginOrRenew for QWRzIENhbXBhaWduIE1hbmFnZXI=","service":"meta-auth","timestamp":"2026-03-27T18:08:28.002Z"}
{"businessId":"QWRzIENhbXBhaWduIE1hbmFnZXI=","level":"info","message":"[AUTH] Tier 3: Full Playwright login with randomized fingerprint.","service":"meta-auth","timestamp":"2026-03-27T18:08:28.010Z"}
{"level":"info","message":"[BROWSER] Using fingerprint: MacIntel | 1280x800","service":"meta-auth","timestamp":"2026-03-27T18:08:28.012Z"}
{"level":"info","message":"[AUTH] Submitting login form with reliable method...","service":"meta-auth","timestamp":"2026-03-27T18:08:45.802Z"}
{"level":"info","message":"[AUTH] Security checkpoint detected. Analyzing screen...","service":"meta-auth","timestamp":"2026-03-27T18:08:52.544Z"}
{"level":"error","message":"[AUTH] Screenshot saved: C:\\Users\\Admin\\AppData\\Local\\Temp\\auth-error-QWRzIENhbXBhaWdu-1774634932991.png","service":"meta-auth","timestamp":"2026-03-27T18:08:53.382Z"}
{"level":"error","message":"[CRITICAL] QWRzIENhbXBhaWduIE1hbmFnZXI=: Facebook yêu cầu xác minh danh tính bảo mật (Checkpoint). Vui lòng kiểm tra tài khoản trên điện thoại/máy tính của bạn để xác nhận. (Screenshot: C:\\Users\\Admin\\AppData\\Local\\Temp\\meta-unknown-checkpoint-1774634932573.png) (Screenshot: C:\\Users\\Admin\\AppData\\Local\\Temp\\auth-error-QWRzIENhbXBhaWdu-1774634932991.png)","phase":"safeAutoLoginOrRenew","service":"meta-auth","stack":"Error: Facebook yêu cầu xác minh danh tính bảo mật (Checkpoint). Vui lòng kiểm tra tài khoản trên điện thoại/máy tính của bạn để xác nhận. (Screenshot: C:\\Users\\Admin\\AppData\\Local\\Temp\\meta-unknown-checkpoint-1774634932573.png) (Screenshot: C:\\Users\\Admin\\AppData\\Local\\Temp\\auth-error-QWRzIENhbXBhaWdu-1774634932991.png)\n    at performPlaywrightLogin (D:\\opclaw\\extensions\\ads-campaign-manager\\src\\meta-login.ts:525:15)\n    at Object.execute (D:\\opclaw\\extensions\\ads-campaign-manager\\src\\meta-login.ts:393:24)\n    at Object.wrappedTask [as fn] (D:\\opclaw\\extensions\\ads-campaign-manager\\src\\worker-pool.ts:32:26)","timestamp":"2026-03-27T18:08:53.489Z"}
{"level":"warn","message":"[WORKER] Task auth-QWRzIENhbXBhaWduIE1hbmFnZXI= failed. Retrying in 2790ms (1/3). Error: Facebook yêu cầu xác minh danh tính bảo mật (Checkpoint). Vui lòng kiểm tra tài khoản trên điện thoại/máy tính của bạn để xác nhận. (Screenshot: C:\\Users\\Admin\\AppData\\Local\\Temp\\meta-unknown-checkpoint-1774634932573.png) (Screenshot: C:\\Users\\Admin\\AppData\\Local\\Temp\\auth-error-QWRzIENhbXBhaWdu-1774634932991.png)","service":"meta-auth","timestamp":"2026-03-27T18:08:53.509Z"}
{"level":"info","message":"[AUTH] safeAutoLoginOrRenew for QWRzIENhbXBhaWduIE1hbmFnZXI=","service":"meta-auth","timestamp":"2026-03-27T18:08:56.313Z"}
{"businessId":"QWRzIENhbXBhaWduIE1hbmFnZXI=","level":"info","message":"[AUTH] Tier 3: Full Playwright login with randomized fingerprint.","service":"meta-auth","timestamp":"2026-03-27T18:08:56.318Z"}
{"level":"info","message":"[BROWSER] Using fingerprint: MacIntel | 1512x982","service":"meta-auth","timestamp":"2026-03-27T18:08:56.319Z"}
{"level":"info","message":"[AUTH] Submitting login form with reliable method...","service":"meta-auth","timestamp":"2026-03-27T18:09:09.871Z"}
{"level":"info","message":"[AUTH] Security checkpoint detected. Analyzing screen...","service":"meta-auth","timestamp":"2026-03-27T18:09:16.592Z"}
{"level":"error","message":"[AUTH] Screenshot saved: C:\\Users\\Admin\\AppData\\Local\\Temp\\auth-error-QWRzIENhbXBhaWdu-1774634957226.png","service":"meta-auth","timestamp":"2026-03-27T18:09:17.801Z"}
{"level":"error","message":"[CRITICAL] QWRzIENhbXBhaWduIE1hbmFnZXI=: Facebook yêu cầu xác minh danh tính bảo mật (Checkpoint). Vui lòng kiểm tra tài khoản trên điện thoại/máy tính của bạn để xác nhận. (Screenshot: C:\\Users\\Admin\\AppData\\Local\\Temp\\meta-unknown-checkpoint-1774634956622.png) (Screenshot: C:\\Users\\Admin\\AppData\\Local\\Temp\\auth-error-QWRzIENhbXBhaWdu-1774634957226.png)","phase":"safeAutoLoginOrRenew","service":"meta-auth","stack":"Error: Facebook yêu cầu xác minh danh tính bảo mật (Checkpoint). Vui lòng kiểm tra tài khoản trên điện thoại/máy tính của bạn để xác nhận. (Screenshot: C:\\Users\\Admin\\AppData\\Local\\Temp\\meta-unknown-checkpoint-1774634956622.png) (Screenshot: C:\\Users\\Admin\\AppData\\Local\\Temp\\auth-error-QWRzIENhbXBhaWdu-1774634957226.png)\n    at performPlaywrightLogin (D:\\opclaw\\extensions\\ads-campaign-manager\\src\\meta-login.ts:525:15)\n    at Object.execute (D:\\opclaw\\extensions\\ads-campaign-manager\\src\\meta-login.ts:393:24)\n    at Object.wrappedTask [as fn] (D:\\opclaw\\extensions\\ads-campaign-manager\\src\\worker-pool.ts:32:26)","timestamp":"2026-03-27T18:09:17.964Z"}
{"level":"warn","message":"[WORKER] Task auth-QWRzIENhbXBhaWduIE1hbmFnZXI= failed. Retrying in 4330ms (2/3). Error: Facebook yêu cầu xác minh danh tính bảo mật (Checkpoint). Vui lòng kiểm tra tài khoản trên điện thoại/máy tính của bạn để xác nhận. (Screenshot: C:\\Users\\Admin\\AppData\\Local\\Temp\\meta-unknown-checkpoint-1774634956622.png) (Screenshot: C:\\Users\\Admin\\AppData\\Local\\Temp\\auth-error-QWRzIENhbXBhaWdu-1774634957226.png)","service":"meta-auth","timestamp":"2026-03-27T18:09:17.968Z"}
{"level":"info","message":"[AUTH] safeAutoLoginOrRenew for QWRzIENhbXBhaWduIE1hbmFnZXI=","service":"meta-auth","timestamp":"2026-03-27T18:09:22.310Z"}
{"businessId":"QWRzIENhbXBhaWduIE1hbmFnZXI=","level":"info","message":"[AUTH] Tier 3: Full Playwright login with randomized fingerprint.","service":"meta-auth","timestamp":"2026-03-27T18:09:22.314Z"}
{"level":"info","message":"[BROWSER] Using fingerprint: Win32 | 1920x1080","service":"meta-auth","timestamp":"2026-03-27T18:09:22.314Z"}
{"level":"info","message":"[AUTH] Submitting login form with reliable method...","service":"meta-auth","timestamp":"2026-03-27T18:09:35.581Z"}
{"level":"info","message":"[AUTH] Security checkpoint detected. Analyzing screen...","service":"meta-auth","timestamp":"2026-03-27T18:09:43.069Z"}
{"level":"error","message":"[AUTH] Screenshot saved: C:\\Users\\Admin\\AppData\\Local\\Temp\\auth-error-QWRzIENhbXBhaWdu-1774634983325.png","service":"meta-auth","timestamp":"2026-03-27T18:09:43.531Z"}
{"level":"error","message":"[CRITICAL] QWRzIENhbXBhaWduIE1hbmFnZXI=: Facebook yêu cầu xác minh danh tính bảo mật (Checkpoint). Vui lòng kiểm tra tài khoản trên điện thoại/máy tính của bạn để xác nhận. (Screenshot: C:\\Users\\Admin\\AppData\\Local\\Temp\\meta-unknown-checkpoint-1774634983099.png) (Screenshot: C:\\Users\\Admin\\AppData\\Local\\Temp\\auth-error-QWRzIENhbXBhaWdu-1774634983325.png)","phase":"safeAutoLoginOrRenew","service":"meta-auth","stack":"Error: Facebook yêu cầu xác minh danh tính bảo mật (Checkpoint). Vui lòng kiểm tra tài khoản trên điện thoại/máy tính của bạn để xác nhận. (Screenshot: C:\\Users\\Admin\\AppData\\Local\\Temp\\meta-unknown-checkpoint-1774634983099.png) (Screenshot: C:\\Users\\Admin\\AppData\\Local\\Temp\\auth-error-QWRzIENhbXBhaWdu-1774634983325.png)\n    at performPlaywrightLogin (D:\\opclaw\\extensions\\ads-campaign-manager\\src\\meta-login.ts:525:15)\n    at Object.execute (D:\\opclaw\\extensions\\ads-campaign-manager\\src\\meta-login.ts:393:24)\n    at Object.wrappedTask [as fn] (D:\\opclaw\\extensions\\ads-campaign-manager\\src\\worker-pool.ts:32:26)","timestamp":"2026-03-27T18:09:43.641Z"}
{"level":"warn","message":"[WORKER] Task auth-QWRzIENhbXBhaWduIE1hbmFnZXI= failed. Retrying in 8680ms (3/3). Error: Facebook yêu cầu xác minh danh tính bảo mật (Checkpoint). Vui lòng kiểm tra tài khoản trên điện thoại/máy tính của bạn để xác nhận. (Screenshot: C:\\Users\\Admin\\AppData\\Local\\Temp\\meta-unknown-checkpoint-1774634983099.png) (Screenshot: C:\\Users\\Admin\\AppData\\Local\\Temp\\auth-error-QWRzIENhbXBhaWdu-1774634983325.png)","service":"meta-auth","timestamp":"2026-03-27T18:09:43.644Z"}
{"level":"info","message":"[CRON] Initializing Meta Token Renewal Cron Job (every 12 hours).","service":"meta-auth","timestamp":"2026-03-28T00:42:34.200Z"}
{"level":"info","message":"[CRON] Initializing Meta Token Renewal Cron Job (every 12 hours).","service":"meta-auth","timestamp":"2026-03-28T00:43:34.572Z"}
{"level":"info","message":"[AUTH] safeAutoLoginOrRenew for QWRzIENhbXBhaWduIE1hbmFnZXI=","service":"meta-auth","timestamp":"2026-03-28T00:44:23.624Z"}
{"businessId":"QWRzIENhbXBhaWduIE1hbmFnZXI=","level":"info","message":"[AUTH] Tier 3: Full Playwright login with randomized fingerprint.","service":"meta-auth","timestamp":"2026-03-28T00:44:23.630Z"}
{"level":"info","message":"[BROWSER] Using fingerprint: MacIntel | 1512x982","service":"meta-auth","timestamp":"2026-03-28T00:44:23.631Z"}
{"level":"info","message":"[AUTH] Submitting login form with reliable method...","service":"meta-auth","timestamp":"2026-03-28T00:44:43.357Z"}
{"level":"info","message":"[AUTH] Security checkpoint detected. Analyzing screen...","service":"meta-auth","timestamp":"2026-03-28T00:44:50.273Z"}
{"level":"error","message":"[AUTH] Screenshot saved: C:\\Users\\Admin\\AppData\\Local\\Temp\\auth-error-QWRzIENhbXBhaWdu-1774658694113.png","service":"meta-auth","timestamp":"2026-03-28T00:44:54.741Z"}
{"level":"error","message":"[CRITICAL] QWRzIENhbXBhaWduIE1hbmFnZXI=: Facebook yêu cầu xác minh danh tính bảo mật (Checkpoint). Vui lòng kiểm tra tài khoản trên điện thoại/máy tính của bạn để xác nhận. (Screenshot: C:\\Users\\Admin\\AppData\\Local\\Temp\\meta-unknown-checkpoint-1774658693413.png) (Screenshot: C:\\Users\\Admin\\AppData\\Local\\Temp\\auth-error-QWRzIENhbXBhaWdu-1774658694113.png)","phase":"safeAutoLoginOrRenew","service":"meta-auth","stack":"Error: Facebook yêu cầu xác minh danh tính bảo mật (Checkpoint). Vui lòng kiểm tra tài khoản trên điện thoại/máy tính của bạn để xác nhận. (Screenshot: C:\\Users\\Admin\\AppData\\Local\\Temp\\meta-unknown-checkpoint-1774658693413.png) (Screenshot: C:\\Users\\Admin\\AppData\\Local\\Temp\\auth-error-QWRzIENhbXBhaWdu-1774658694113.png)\n    at performPlaywrightLogin (D:\\opclaw\\extensions\\ads-campaign-manager\\src\\meta-login.ts:525:15)\n    at Object.execute (D:\\opclaw\\extensions\\ads-campaign-manager\\src\\meta-login.ts:393:24)\n    at Object.wrappedTask [as fn] (D:\\opclaw\\extensions\\ads-campaign-manager\\src\\worker-pool.ts:32:26)","timestamp":"2026-03-28T00:44:55.017Z"}
{"level":"warn","message":"[WORKER] Task auth-QWRzIENhbXBhaWduIE1hbmFnZXI= failed. Retrying in 2706ms (1/3). Error: Facebook yêu cầu xác minh danh tính bảo mật (Checkpoint). Vui lòng kiểm tra tài khoản trên điện thoại/máy tính của bạn để xác nhận. (Screenshot: C:\\Users\\Admin\\AppData\\Local\\Temp\\meta-unknown-checkpoint-1774658693413.png) (Screenshot: C:\\Users\\Admin\\AppData\\Local\\Temp\\auth-error-QWRzIENhbXBhaWdu-1774658694113.png)","service":"meta-auth","timestamp":"2026-03-28T00:44:55.026Z"}
{"level":"info","message":"[AUTH] safeAutoLoginOrRenew for QWRzIENhbXBhaWduIE1hbmFnZXI=","service":"meta-auth","timestamp":"2026-03-28T00:44:57.744Z"}
{"businessId":"QWRzIENhbXBhaWduIE1hbmFnZXI=","level":"info","message":"[AUTH] Tier 3: Full Playwright login with randomized fingerprint.","service":"meta-auth","timestamp":"2026-03-28T00:44:57.749Z"}
{"level":"info","message":"[BROWSER] Using fingerprint: Win32 | 1366x768","service":"meta-auth","timestamp":"2026-03-28T00:44:57.749Z"}
{"level":"info","message":"[AUTH] Submitting login form with reliable method...","service":"meta-auth","timestamp":"2026-03-28T00:45:12.668Z"}
{"level":"info","message":"[AUTH] Security checkpoint detected. Analyzing screen...","service":"meta-auth","timestamp":"2026-03-28T00:45:18.688Z"}
{"level":"error","message":"[AUTH] Screenshot saved: C:\\Users\\Admin\\AppData\\Local\\Temp\\auth-error-QWRzIENhbXBhaWdu-1774658718826.png","service":"meta-auth","timestamp":"2026-03-28T00:45:18.952Z"}
{"level":"error","message":"[CRITICAL] QWRzIENhbXBhaWduIE1hbmFnZXI=: Facebook yêu cầu xác minh danh tính bảo mật (Checkpoint). Vui lòng kiểm tra tài khoản trên điện thoại/máy tính của bạn để xác nhận. (Screenshot: C:\\Users\\Admin\\AppData\\Local\\Temp\\meta-unknown-checkpoint-1774658718713.png) (Screenshot: C:\\Users\\Admin\\AppData\\Local\\Temp\\auth-error-QWRzIENhbXBhaWdu-1774658718826.png)","phase":"safeAutoLoginOrRenew","service":"meta-auth","stack":"Error: Facebook yêu cầu xác minh danh tính bảo mật (Checkpoint). Vui lòng kiểm tra tài khoản trên điện thoại/máy tính của bạn để xác nhận. (Screenshot: C:\\Users\\Admin\\AppData\\Local\\Temp\\meta-unknown-checkpoint-1774658718713.png) (Screenshot: C:\\Users\\Admin\\AppData\\Local\\Temp\\auth-error-QWRzIENhbXBhaWdu-1774658718826.png)\n    at performPlaywrightLogin (D:\\opclaw\\extensions\\ads-campaign-manager\\src\\meta-login.ts:525:15)\n    at Object.execute (D:\\opclaw\\extensions\\ads-campaign-manager\\src\\meta-login.ts:393:24)\n    at Object.wrappedTask [as fn] (D:\\opclaw\\extensions\\ads-campaign-manager\\src\\worker-pool.ts:32:26)","timestamp":"2026-03-28T00:45:19.028Z"}
{"level":"warn","message":"[WORKER] Task auth-QWRzIENhbXBhaWduIE1hbmFnZXI= failed. Retrying in 4950ms (2/3). Error: Facebook yêu cầu xác minh danh tính bảo mật (Checkpoint). Vui lòng kiểm tra tài khoản trên điện thoại/máy tính của bạn để xác nhận. (Screenshot: C:\\Users\\Admin\\AppData\\Local\\Temp\\meta-unknown-checkpoint-1774658718713.png) (Screenshot: C:\\Users\\Admin\\AppData\\Local\\Temp\\auth-error-QWRzIENhbXBhaWdu-1774658718826.png)","service":"meta-auth","timestamp":"2026-03-28T00:45:19.031Z"}
{"level":"info","message":"[AUTH] safeAutoLoginOrRenew for QWRzIENhbXBhaWduIE1hbmFnZXI=","service":"meta-auth","timestamp":"2026-03-28T00:45:23.993Z"}
{"businessId":"QWRzIENhbXBhaWduIE1hbmFnZXI=","level":"info","message":"[AUTH] Tier 3: Full Playwright login with randomized fingerprint.","service":"meta-auth","timestamp":"2026-03-28T00:45:23.997Z"}
{"level":"info","message":"[BROWSER] Using fingerprint: Win32 | 1440x900","service":"meta-auth","timestamp":"2026-03-28T00:45:23.998Z"}
{"level":"info","message":"[AUTH] Submitting login form with reliable method...","service":"meta-auth","timestamp":"2026-03-28T00:45:37.743Z"}
{"level":"info","message":"[AUTH] Security checkpoint detected. Analyzing screen...","service":"meta-auth","timestamp":"2026-03-28T00:45:46.543Z"}
{"level":"error","message":"[AUTH] Screenshot saved: C:\\Users\\Admin\\AppData\\Local\\Temp\\auth-error-QWRzIENhbXBhaWdu-1774658746778.png","service":"meta-auth","timestamp":"2026-03-28T00:45:46.933Z"}
{"level":"error","message":"[CRITICAL] QWRzIENhbXBhaWduIE1hbmFnZXI=: Facebook yêu cầu xác minh danh tính bảo mật (Checkpoint). Vui lòng kiểm tra tài khoản trên điện thoại/máy tính của bạn để xác nhận. (Screenshot: C:\\Users\\Admin\\AppData\\Local\\Temp\\meta-unknown-checkpoint-1774658746570.png) (Screenshot: C:\\Users\\Admin\\AppData\\Local\\Temp\\auth-error-QWRzIENhbXBhaWdu-1774658746778.png)","phase":"safeAutoLoginOrRenew","service":"meta-auth","stack":"Error: Facebook yêu cầu xác minh danh tính bảo mật (Checkpoint). Vui lòng kiểm tra tài khoản trên điện thoại/máy tính của bạn để xác nhận. (Screenshot: C:\\Users\\Admin\\AppData\\Local\\Temp\\meta-unknown-checkpoint-1774658746570.png) (Screenshot: C:\\Users\\Admin\\AppData\\Local\\Temp\\auth-error-QWRzIENhbXBhaWdu-1774658746778.png)\n    at performPlaywrightLogin (D:\\opclaw\\extensions\\ads-campaign-manager\\src\\meta-login.ts:525:15)\n    at Object.execute (D:\\opclaw\\extensions\\ads-campaign-manager\\src\\meta-login.ts:393:24)\n    at Object.wrappedTask [as fn] (D:\\opclaw\\extensions\\ads-campaign-manager\\src\\worker-pool.ts:32:26)","timestamp":"2026-03-28T00:45:47.043Z"}
{"level":"warn","message":"[WORKER] Task auth-QWRzIENhbXBhaWduIE1hbmFnZXI= failed. Retrying in 8681ms (3/3). Error: Facebook yêu cầu xác minh danh tính bảo mật (Checkpoint). Vui lòng kiểm tra tài khoản trên điện thoại/máy tính của bạn để xác nhận. (Screenshot: C:\\Users\\Admin\\AppData\\Local\\Temp\\meta-unknown-checkpoint-1774658746570.png) (Screenshot: C:\\Users\\Admin\\AppData\\Local\\Temp\\auth-error-QWRzIENhbXBhaWdu-1774658746778.png)","service":"meta-auth","timestamp":"2026-03-28T00:45:47.048Z"}
{"level":"info","message":"[AUTH] safeAutoLoginOrRenew for QWRzIENhbXBhaWduIE1hbmFnZXI=","service":"meta-auth","timestamp":"2026-03-28T00:45:55.734Z"}
{"businessId":"QWRzIENhbXBhaWduIE1hbmFnZXI=","level":"info","message":"[AUTH] Tier 3: Full Playwright login with randomized fingerprint.","service":"meta-auth","timestamp":"2026-03-28T00:45:55.739Z"}
{"level":"info","message":"[BROWSER] Using fingerprint: MacIntel | 1512x982","service":"meta-auth","timestamp":"2026-03-28T00:45:55.740Z"}
{"level":"info","message":"[AUTH] Submitting login form with reliable method...","service":"meta-auth","timestamp":"2026-03-28T00:46:10.215Z"}
{"level":"info","message":"[AUTH] Security checkpoint detected. Analyzing screen...","service":"meta-auth","timestamp":"2026-03-28T00:46:17.736Z"}
{"level":"error","message":"[AUTH] Screenshot saved: C:\\Users\\Admin\\AppData\\Local\\Temp\\auth-error-QWRzIENhbXBhaWdu-1774658778399.png","service":"meta-auth","timestamp":"2026-03-28T00:46:18.993Z"}
{"level":"error","message":"[CRITICAL] QWRzIENhbXBhaWduIE1hbmFnZXI=: Facebook yêu cầu xác minh danh tính bảo mật (Checkpoint). Vui lòng kiểm tra tài khoản trên điện thoại/máy tính của bạn để xác nhận. (Screenshot: C:\\Users\\Admin\\AppData\\Local\\Temp\\meta-unknown-checkpoint-1774658777766.png) (Screenshot: C:\\Users\\Admin\\AppData\\Local\\Temp\\auth-error-QWRzIENhbXBhaWdu-1774658778399.png)","phase":"safeAutoLoginOrRenew","service":"meta-auth","stack":"Error: Facebook yêu cầu xác minh danh tính bảo mật (Checkpoint). Vui lòng kiểm tra tài khoản trên điện thoại/máy tính của bạn để xác nhận. (Screenshot: C:\\Users\\Admin\\AppData\\Local\\Temp\\meta-unknown-checkpoint-1774658777766.png) (Screenshot: C:\\Users\\Admin\\AppData\\Local\\Temp\\auth-error-QWRzIENhbXBhaWdu-1774658778399.png)\n    at performPlaywrightLogin (D:\\opclaw\\extensions\\ads-campaign-manager\\src\\meta-login.ts:525:15)\n    at Object.execute (D:\\opclaw\\extensions\\ads-campaign-manager\\src\\meta-login.ts:393:24)\n    at Object.wrappedTask [as fn] (D:\\opclaw\\extensions\\ads-campaign-manager\\src\\worker-pool.ts:32:26)","timestamp":"2026-03-28T00:46:19.085Z"}
{"level":"error","message":"[WORKER] Task auth-QWRzIENhbXBhaWduIE1hbmFnZXI= failed after 3 retries.","service":"meta-auth","timestamp":"2026-03-28T00:46:19.089Z"}
{"level":"info","message":"[CRON] Initializing Meta Token Renewal Cron Job (every 12 hours).","service":"meta-auth","timestamp":"2026-03-28T01:12:35.512Z"}
{"level":"info","message":"[CRON] Initializing Meta Token Renewal Cron Job (every 12 hours).","service":"meta-auth","timestamp":"2026-03-28T01:13:47.534Z"}
{"businessId":"QWRzIENhbXBhaWduIE1hbmFnZXI=","level":"info","message":"[RENEW] Exchanging token via Graph API.","service":"meta-auth","timestamp":"2026-03-28T01:14:40.852Z","tokenPreview":"EAAGNO4a7r2w"}
{"businessId":"QWRzIENhbXBhaWduIE1hbmFnZXI=","errorCode":1,"level":"error","message":"[RENEW FAILED] The access token does not belong to application 1586990572517252","service":"meta-auth","timestamp":"2026-03-28T01:14:41.132Z"}
{"level":"info","message":"[DISCOVERY] EAAG (Android) detected — aligned Android headers.","service":"meta-auth","timestamp":"2026-03-28T01:14:41.172Z"}
{"level":"info","message":"[DISCOVERY] Layer 1 calling: /me?fields=accounts{...}","service":"meta-auth","timestamp":"2026-03-28T01:14:41.173Z"}
{"level":"info","message":"[DISCOVERY] Layer 2 calling: /me/accounts?fields=...","service":"meta-auth","timestamp":"2026-03-28T01:14:41.451Z"}
{"level":"info","message":"[DISCOVERY] Layer 3 calling: /me/accounts?fields=id,name","service":"meta-auth","timestamp":"2026-03-28T01:14:41.630Z"}
{"code":1,"error":"Invalid request.","level":"error","message":"[DISCOVERY] All Graph API discovery layers failed.","service":"meta-auth","timestamp":"2026-03-28T01:14:41.802Z","type":"OAuthException"}
{"businessId":"QWRzIENhbXBhaWduIE1hbmFnZXI=","level":"info","message":"[RENEW] Exchanging token via Graph API.","service":"meta-auth","timestamp":"2026-03-28T01:40:15.624Z","tokenPreview":"EAABsbCS1iHg"}
{"businessId":"QWRzIENhbXBhaWduIE1hbmFnZXI=","errorCode":1,"level":"error","message":"[RENEW FAILED] The access token does not belong to application 1586990572517252","service":"meta-auth","timestamp":"2026-03-28T01:40:15.955Z"}
{"level":"info","message":"[DISCOVERY] EAAB (iOS) detected — aligned iOS headers.","service":"meta-auth","timestamp":"2026-03-28T01:40:15.985Z"}
{"level":"info","message":"[DISCOVERY] Layer 1 calling: /me?fields=accounts{...}","service":"meta-auth","timestamp":"2026-03-28T01:40:15.986Z"}
{"level":"info","message":"[DISCOVERY] Layer 2 calling: /me/accounts?fields=...","service":"meta-auth","timestamp":"2026-03-28T01:40:16.237Z"}
{"level":"info","message":"[DISCOVERY] Layer 3 calling: /me/accounts?fields=id,name","service":"meta-auth","timestamp":"2026-03-28T01:40:16.423Z"}
{"code":1,"error":"Invalid request.","level":"error","message":"[DISCOVERY] All Graph API discovery layers failed.","service":"meta-auth","timestamp":"2026-03-28T01:40:16.613Z","type":"OAuthException"}
{"level":"info","message":"[CRON] Initializing Meta Token Renewal Cron Job (every 12 hours).","service":"meta-auth","timestamp":"2026-03-28T02:41:30.463Z"}
{"level":"info","message":"[CRON] Initializing Meta Token Renewal Cron Job (every 12 hours).","service":"meta-auth","timestamp":"2026-03-28T02:42:11.125Z"}
{"level":"info","message":"[DISCOVERY] EAAG (Android) detected — aligned Android headers.","service":"meta-auth","timestamp":"2026-03-28T02:42:38.007Z"}
{"level":"info","message":"[DISCOVERY] Layer 1 calling: /me?fields=accounts{...}","service":"meta-auth","timestamp":"2026-03-28T02:42:38.007Z"}
{"level":"info","message":"[DISCOVERY] Layer 2 calling: /me/accounts?fields=...","service":"meta-auth","timestamp":"2026-03-28T02:42:38.336Z"}
{"level":"info","message":"[DISCOVERY] Layer 3 calling: /me/accounts?fields=id,name","service":"meta-auth","timestamp":"2026-03-28T02:42:38.518Z"}
{"level":"info","message":"[DISCOVERY] Layer 4 calling: /me/accounts without strict headers","service":"meta-auth","timestamp":"2026-03-28T02:42:38.696Z"}
{"code":1,"error":"Invalid request.","level":"error","message":"[DISCOVERY] All Graph API discovery layers failed.","service":"meta-auth","timestamp":"2026-03-28T02:42:38.877Z","type":"OAuthException"}
{"level":"info","message":"[CRON] Initializing Meta Token Renewal Cron Job (every 12 hours).","service":"meta-auth","timestamp":"2026-03-28T03:08:20.026Z"}
{"level":"info","message":"[CRON] Initializing Meta Token Renewal Cron Job (every 12 hours).","service":"meta-auth","timestamp":"2026-03-28T03:10:13.919Z"}
{"level":"info","message":"[PROFILE-OPS] Starting Playwright auto-posting for QWRzIENhbXBhaWduIE1hbmFnZXI=...","service":"meta-auth","timestamp":"2026-03-28T03:25:12.235Z"}
{"level":"info","message":"[PROFILE-OPS] Navigating to mbasic.facebook.com...","service":"meta-auth","timestamp":"2026-03-28T03:25:13.641Z"}
{"level":"error","message":"[PROFILE-OPS] Failed to post: Session expired or Checkpoint hit. Cookies are no longer valid for mbasic.","service":"meta-auth","timestamp":"2026-03-28T03:25:19.178Z"}
{"level":"info","message":"[CRON] Initializing Meta Token Renewal Cron Job (every 12 hours).","service":"meta-auth","timestamp":"2026-03-28T03:43:57.464Z"}
{"level":"info","message":"[CRON] Initializing Meta Token Renewal Cron Job (every 12 hours).","service":"meta-auth","timestamp":"2026-03-28T03:44:06.007Z"}
{"level":"info","message":"[DISCOVERY] EAAG (Android) detected — aligned Android headers.","service":"meta-auth","timestamp":"2026-03-28T03:45:45.276Z"}
{"level":"info","message":"[DISCOVERY] Layer 1 calling: /me?fields=accounts{...}","service":"meta-auth","timestamp":"2026-03-28T03:45:45.277Z"}
{"level":"info","message":"[DISCOVERY] Layer 2 calling: /me/accounts?fields=...","service":"meta-auth","timestamp":"2026-03-28T03:45:45.712Z"}
{"level":"info","message":"[DISCOVERY] Layer 3 calling: /me/accounts?fields=id,name","service":"meta-auth","timestamp":"2026-03-28T03:45:45.872Z"}
{"level":"info","message":"[DISCOVERY] Layer 4 calling: /me/accounts without strict headers","service":"meta-auth","timestamp":"2026-03-28T03:45:46.037Z"}
{"code":1,"error":"Invalid request.","level":"error","message":"[DISCOVERY] All Graph API discovery layers failed.","service":"meta-auth","timestamp":"2026-03-28T03:45:46.200Z","type":"OAuthException"}
{"level":"info","message":"[PROFILE-OPS] Starting Playwright auto-posting for QWRzIENhbXBhaWduIE1hbmFnZXI=...","service":"meta-auth","timestamp":"2026-03-28T03:46:57.615Z"}
{"level":"info","message":"[PROFILE-OPS] Navigating to www.facebook.com...","service":"meta-auth","timestamp":"2026-03-28T03:47:00.878Z"}
{"level":"info","message":"[PROFILE-OPS] Found POST box, clicking...","service":"meta-auth","timestamp":"2026-03-28T03:47:06.585Z"}
{"level":"error","message":"[PROFILE-OPS] Failed to post: locator.click: Timeout 30000ms exceeded.\nCall log:\n\u001b[2m  - waiting for locator('div[aria-label=\"Đăng\"], div[aria-label=\"Post\"]').first()\u001b[22m\n","service":"meta-auth","timestamp":"2026-03-28T03:47:39.893Z"}
{"level":"error","message":"[PROFILE-OPS] Screenshot saved to C:\\Users\\Admin\\AppData\\Local\\Temp\\profile_error_1774669659894.png","service":"meta-auth","timestamp":"2026-03-28T03:47:40.234Z"}
{"level":"info","message":"[PROFILE-OPS] Starting Playwright auto-posting for QWRzIENhbXBhaWduIE1hbmFnZXI=...","service":"meta-auth","timestamp":"2026-03-28T03:48:23.309Z"}
{"level":"info","message":"[PROFILE-OPS] Navigating to www.facebook.com...","service":"meta-auth","timestamp":"2026-03-28T03:48:24.848Z"}
{"level":"info","message":"[PROFILE-OPS] Found POST box, clicking...","service":"meta-auth","timestamp":"2026-03-28T03:48:30.521Z"}
{"level":"error","message":"[PROFILE-OPS] Failed to post: locator.click: Timeout 30000ms exceeded.\nCall log:\n\u001b[2m  - waiting for locator('div[aria-label=\"Đăng\"], div[aria-label=\"Post\"]').first()\u001b[22m\n","service":"meta-auth","timestamp":"2026-03-28T03:49:03.840Z"}
{"level":"error","message":"[PROFILE-OPS] Screenshot saved to C:\\Users\\Admin\\AppData\\Local\\Temp\\profile_error_1774669743841.png","service":"meta-auth","timestamp":"2026-03-28T03:49:04.121Z"}
{"level":"info","message":"[PROFILE-OPS] Starting Playwright auto-posting for QWRzIENhbXBhaWduIE1hbmFnZXI=...","service":"meta-auth","timestamp":"2026-03-28T03:54:26.645Z"}
{"level":"info","message":"[PROFILE-OPS] Navigating to www.facebook.com...","service":"meta-auth","timestamp":"2026-03-28T03:54:28.296Z"}
{"level":"info","message":"[PROFILE-OPS] Found POST box, clicking...","service":"meta-auth","timestamp":"2026-03-28T03:54:33.471Z"}
{"level":"error","message":"[PROFILE-OPS] Failed to post: locator.click: Timeout 30000ms exceeded.\nCall log:\n\u001b[2m  - waiting for locator('div[aria-label=\"Đăng\"], div[aria-label=\"Post\"]').first()\u001b[22m\n","service":"meta-auth","timestamp":"2026-03-28T03:55:06.811Z"}
{"level":"error","message":"[PROFILE-OPS] Screenshot saved to C:\\Users\\Admin\\AppData\\Local\\Temp\\profile_error_1774670106812.png","service":"meta-auth","timestamp":"2026-03-28T03:55:07.119Z"}
{"level":"info","message":"[PROFILE-OPS] Starting Playwright auto-posting for QWRzIENhbXBhaWduIE1hbmFnZXI=...","service":"meta-auth","timestamp":"2026-03-28T03:55:31.569Z"}
{"level":"info","message":"[PROFILE-OPS] Navigating to www.facebook.com...","service":"meta-auth","timestamp":"2026-03-28T03:55:32.972Z"}
{"level":"info","message":"[PROFILE-OPS] Found POST box, clicking...","service":"meta-auth","timestamp":"2026-03-28T03:55:38.605Z"}
{"level":"error","message":"[PROFILE-OPS] Failed to post: locator.click: Timeout 30000ms exceeded.\nCall log:\n\u001b[2m  - waiting for locator('div[aria-label=\"Đăng\"], div[aria-label=\"Post\"]').first()\u001b[22m\n","service":"meta-auth","timestamp":"2026-03-28T03:56:11.938Z"}
{"level":"error","message":"[PROFILE-OPS] Screenshot saved to C:\\Users\\Admin\\AppData\\Local\\Temp\\profile_error_1774670171939.png","service":"meta-auth","timestamp":"2026-03-28T03:56:12.246Z"}
{"level":"info","message":"[CRON] Initializing Meta Token Renewal Cron Job (every 12 hours).","service":"meta-auth","timestamp":"2026-03-28T12:54:39.847Z"}
{"level":"info","message":"[CRON] Initializing Meta Token Renewal Cron Job (every 12 hours).","service":"meta-auth","timestamp":"2026-03-28T12:58:47.266Z"}
{"level":"info","message":"[DISCOVERY] EAAG (Android) detected — aligned Android headers.","service":"meta-auth","timestamp":"2026-03-28T13:03:23.775Z"}
{"level":"info","message":"[DISCOVERY] Layer 1 calling: /me?fields=accounts{...}","service":"meta-auth","timestamp":"2026-03-28T13:03:23.776Z"}
{"level":"info","message":"[DISCOVERY] Layer 2 calling: /me/accounts?fields=...","service":"meta-auth","timestamp":"2026-03-28T13:03:24.041Z"}
{"level":"info","message":"[DISCOVERY] Layer 3 calling: /me/accounts?fields=id,name","service":"meta-auth","timestamp":"2026-03-28T13:03:24.243Z"}
{"level":"info","message":"[DISCOVERY] Layer 4 calling: /me/accounts without strict headers","service":"meta-auth","timestamp":"2026-03-28T13:03:24.459Z"}
{"code":1,"error":"Invalid request.","level":"error","message":"[DISCOVERY] All Graph API discovery layers failed.","service":"meta-auth","timestamp":"2026-03-28T13:03:24.656Z","type":"OAuthException"}
{"level":"info","message":"[CRON] Initializing Meta Token Renewal Cron Job (every 12 hours).","service":"meta-auth","timestamp":"2026-03-28T13:35:40.581Z"}
{"level":"info","message":"[CRON] Initializing Meta Token Renewal Cron Job (every 12 hours).","service":"meta-auth","timestamp":"2026-03-28T13:36:43.116Z"}
{"level":"info","message":"[CRON] Initializing Meta Token Renewal Cron Job (every 12 hours).","service":"meta-auth","timestamp":"2026-03-28T16:43:38.674Z"}
{"level":"info","message":"[CRON] Initializing Meta Token Renewal Cron Job (every 12 hours).","service":"meta-auth","timestamp":"2026-03-28T16:43:39.631Z"}
{"level":"info","message":"[CRON] Initializing Meta Token Renewal Cron Job (every 12 hours).","service":"meta-auth","timestamp":"2026-03-28T16:46:55.471Z"}
{"level":"info","message":"[CRON] Initializing Meta Token Renewal Cron Job (every 12 hours).","service":"meta-auth","timestamp":"2026-03-28T16:58:17.827Z"}
{"level":"info","message":"[CRON START] Auto-renew token check started.","service":"meta-auth","timestamp":"2026-03-28T17:00:00.567Z"}
{"level":"info","message":"[CRON] Found 0 business(es) with token expiring soon.","service":"meta-auth","timestamp":"2026-03-28T17:00:00.576Z"}
{"level":"info","message":"[CRON] Initializing Meta Token Renewal Cron Job (every 12 hours).","service":"meta-auth","timestamp":"2026-03-28T17:02:25.035Z"}
{"level":"info","message":"[AUTH] safeAutoLoginOrRenew for QWRzIENhbXBhaWduIE1hbmFnZXI=","service":"meta-auth","timestamp":"2026-03-28T17:05:27.868Z"}
{"businessId":"QWRzIENhbXBhaWduIE1hbmFnZXI=","level":"info","message":"[AUTH] Tier 1.5: Attempting fast request-based token extraction.","service":"meta-auth","timestamp":"2026-03-28T17:05:27.879Z"}
{"businessId":"QWRzIENhbXBhaWduIE1hbmFnZXI=","level":"info","message":"[AUTH] Tier 2: Attempting silent cookie login.","service":"meta-auth","timestamp":"2026-03-28T17:05:27.880Z"}
{"level":"warn","message":"[AUTH] Tier 2 failed (Unexpected token 'o', \"[object Obj\"... is not valid JSON). Escalating to Tier 3.","service":"meta-auth","timestamp":"2026-03-28T17:05:27.881Z"}
{"businessId":"QWRzIENhbXBhaWduIE1hbmFnZXI=","level":"info","message":"[AUTH] Tier 3: Full Playwright login with randomized fingerprint.","service":"meta-auth","timestamp":"2026-03-28T17:05:27.881Z"}
{"level":"info","message":"[BROWSER] Using fingerprint: Win32 | 1366x768","service":"meta-auth","timestamp":"2026-03-28T17:05:27.883Z"}
{"level":"info","message":"[AUTH] Submitting login form with reliable method...","service":"meta-auth","timestamp":"2026-03-28T17:05:46.052Z"}
{"level":"info","message":"[AUTH] Navigating to Ads Manager for token extraction...","service":"meta-auth","timestamp":"2026-03-28T17:05:53.026Z"}
{"level":"error","message":"[AUTH] Screenshot saved: C:\\Users\\Admin\\AppData\\Local\\Temp\\auth-error-QWRzIENhbXBhaWdu-1774717558027.png","service":"meta-auth","timestamp":"2026-03-28T17:05:58.332Z"}
{"level":"error","message":"[CRITICAL] QWRzIENhbXBhaWduIE1hbmFnZXI=: Cannot extract EAAG/EAAB token from Ads Manager page (Screenshot: C:\\Users\\Admin\\AppData\\Local\\Temp\\auth-error-QWRzIENhbXBhaWdu-1774717558027.png)","phase":"safeAutoLoginOrRenew","service":"meta-auth","stack":"Error: Cannot extract EAAG/EAAB token from Ads Manager page (Screenshot: C:\\Users\\Admin\\AppData\\Local\\Temp\\auth-error-QWRzIENhbXBhaWdu-1774717558027.png)\n    at performPlaywrightLogin (D:\\opclaw\\extensions\\ads-campaign-manager\\src\\meta-login.ts:540:23)\n    at Object.execute (D:\\opclaw\\extensions\\ads-campaign-manager\\src\\meta-login.ts:393:24)\n    at Object.wrappedTask [as fn] (D:\\opclaw\\extensions\\ads-campaign-manager\\src\\worker-pool.ts:35:26)","timestamp":"2026-03-28T17:05:58.423Z"}
{"level":"warn","message":"[WORKER] Task auth-QWRzIENhbXBhaWduIE1hbmFnZXI= failed. Retrying in 2894ms (1/3). Error: Cannot extract EAAG/EAAB token from Ads Manager page (Screenshot: C:\\Users\\Admin\\AppData\\Local\\Temp\\auth-error-QWRzIENhbXBhaWdu-1774717558027.png)","service":"meta-auth","timestamp":"2026-03-28T17:05:58.451Z"}
{"level":"info","message":"[AUTH] safeAutoLoginOrRenew for QWRzIENhbXBhaWduIE1hbmFnZXI=","service":"meta-auth","timestamp":"2026-03-28T17:06:01.353Z"}
{"businessId":"QWRzIENhbXBhaWduIE1hbmFnZXI=","level":"info","message":"[AUTH] Tier 1.5: Attempting fast request-based token extraction.","service":"meta-auth","timestamp":"2026-03-28T17:06:01.358Z"}
{"businessId":"QWRzIENhbXBhaWduIE1hbmFnZXI=","level":"info","message":"[AUTH] Tier 2: Attempting silent cookie login.","service":"meta-auth","timestamp":"2026-03-28T17:06:01.359Z"}
{"level":"warn","message":"[AUTH] Tier 2 failed (Unexpected token 'o', \"[object Obj\"... is not valid JSON). Escalating to Tier 3.","service":"meta-auth","timestamp":"2026-03-28T17:06:01.359Z"}
{"businessId":"QWRzIENhbXBhaWduIE1hbmFnZXI=","level":"info","message":"[AUTH] Tier 3: Full Playwright login with randomized fingerprint.","service":"meta-auth","timestamp":"2026-03-28T17:06:01.359Z"}
{"level":"info","message":"[BROWSER] Using fingerprint: Win32 | 1366x768","service":"meta-auth","timestamp":"2026-03-28T17:06:01.360Z"}
{"level":"info","message":"[AUTH] Submitting login form with reliable method...","service":"meta-auth","timestamp":"2026-03-28T17:06:13.864Z"}
{"level":"info","message":"[AUTH] Navigating to Ads Manager for token extraction...","service":"meta-auth","timestamp":"2026-03-28T17:06:23.213Z"}
{"level":"error","message":"[AUTH] Screenshot saved: C:\\Users\\Admin\\AppData\\Local\\Temp\\auth-error-QWRzIENhbXBhaWdu-1774717587367.png","service":"meta-auth","timestamp":"2026-03-28T17:06:27.638Z"}
{"level":"error","message":"[CRITICAL] QWRzIENhbXBhaWduIE1hbmFnZXI=: Cannot extract EAAG/EAAB token from Ads Manager page (Screenshot: C:\\Users\\Admin\\AppData\\Local\\Temp\\auth-error-QWRzIENhbXBhaWdu-1774717587367.png)","phase":"safeAutoLoginOrRenew","service":"meta-auth","stack":"Error: Cannot extract EAAG/EAAB token from Ads Manager page (Screenshot: C:\\Users\\Admin\\AppData\\Local\\Temp\\auth-error-QWRzIENhbXBhaWdu-1774717587367.png)\n    at performPlaywrightLogin (D:\\opclaw\\extensions\\ads-campaign-manager\\src\\meta-login.ts:540:23)\n    at Object.execute (D:\\opclaw\\extensions\\ads-campaign-manager\\src\\meta-login.ts:393:24)\n    at Object.wrappedTask [as fn] (D:\\opclaw\\extensions\\ads-campaign-manager\\src\\worker-pool.ts:35:26)","timestamp":"2026-03-28T17:06:27.716Z"}
{"level":"warn","message":"[WORKER] Task auth-QWRzIENhbXBhaWduIE1hbmFnZXI= failed. Retrying in 4613ms (2/3). Error: Cannot extract EAAG/EAAB token from Ads Manager page (Screenshot: C:\\Users\\Admin\\AppData\\Local\\Temp\\auth-error-QWRzIENhbXBhaWdu-1774717587367.png)","service":"meta-auth","timestamp":"2026-03-28T17:06:27.738Z"}
{"level":"info","message":"[AUTH] safeAutoLoginOrRenew for QWRzIENhbXBhaWduIE1hbmFnZXI=","service":"meta-auth","timestamp":"2026-03-28T17:06:32.360Z"}
{"businessId":"QWRzIENhbXBhaWduIE1hbmFnZXI=","level":"info","message":"[AUTH] Tier 1.5: Attempting fast request-based token extraction.","service":"meta-auth","timestamp":"2026-03-28T17:06:32.364Z"}
{"businessId":"QWRzIENhbXBhaWduIE1hbmFnZXI=","level":"info","message":"[AUTH] Tier 2: Attempting silent cookie login.","service":"meta-auth","timestamp":"2026-03-28T17:06:32.365Z"}
{"level":"warn","message":"[AUTH] Tier 2 failed (Unexpected token 'o', \"[object Obj\"... is not valid JSON). Escalating to Tier 3.","service":"meta-auth","timestamp":"2026-03-28T17:06:32.367Z"}
{"businessId":"QWRzIENhbXBhaWduIE1hbmFnZXI=","level":"info","message":"[AUTH] Tier 3: Full Playwright login with randomized fingerprint.","service":"meta-auth","timestamp":"2026-03-28T17:06:32.371Z"}
{"level":"info","message":"[BROWSER] Using fingerprint: Win32 | 1366x768","service":"meta-auth","timestamp":"2026-03-28T17:06:32.374Z"}
{"level":"info","message":"[AUTH] Submitting login form with reliable method...","service":"meta-auth","timestamp":"2026-03-28T17:06:44.611Z"}
{"level":"info","message":"[DISCOVERY] EAAG (Android) detected — aligned Android headers.","service":"meta-auth","timestamp":"2026-03-28T17:06:53.704Z"}
{"level":"info","message":"[DISCOVERY] Layer 1 calling: /me?fields=accounts{...}","service":"meta-auth","timestamp":"2026-03-28T17:06:53.705Z"}
{"level":"info","message":"[DISCOVERY] Layer 2 calling: /me/accounts?fields=...","service":"meta-auth","timestamp":"2026-03-28T17:06:53.980Z"}
{"level":"info","message":"[AUTH] Navigating to Ads Manager for token extraction...","service":"meta-auth","timestamp":"2026-03-28T17:06:54.005Z"}
{"level":"info","message":"[DISCOVERY] Layer 3 calling: /me/accounts?fields=id,name","service":"meta-auth","timestamp":"2026-03-28T17:06:54.180Z"}
{"level":"info","message":"[DISCOVERY] Layer 4 calling: /me/accounts without strict headers","service":"meta-auth","timestamp":"2026-03-28T17:06:54.383Z"}
{"code":1,"error":"Invalid request.","level":"error","message":"[DISCOVERY] All Graph API discovery layers failed.","service":"meta-auth","timestamp":"2026-03-28T17:06:54.587Z","type":"OAuthException"}
{"level":"error","message":"[AUTH] Screenshot saved: C:\\Users\\Admin\\AppData\\Local\\Temp\\auth-error-QWRzIENhbXBhaWdu-1774717618160.png","service":"meta-auth","timestamp":"2026-03-28T17:06:58.416Z"}
{"level":"error","message":"[CRITICAL] QWRzIENhbXBhaWduIE1hbmFnZXI=: Cannot extract EAAG/EAAB token from Ads Manager page (Screenshot: C:\\Users\\Admin\\AppData\\Local\\Temp\\auth-error-QWRzIENhbXBhaWdu-1774717618160.png)","phase":"safeAutoLoginOrRenew","service":"meta-auth","stack":"Error: Cannot extract EAAG/EAAB token from Ads Manager page (Screenshot: C:\\Users\\Admin\\AppData\\Local\\Temp\\auth-error-QWRzIENhbXBhaWdu-1774717618160.png)\n    at performPlaywrightLogin (D:\\opclaw\\extensions\\ads-campaign-manager\\src\\meta-login.ts:540:23)\n    at Object.execute (D:\\opclaw\\extensions\\ads-campaign-manager\\src\\meta-login.ts:393:24)\n    at Object.wrappedTask [as fn] (D:\\opclaw\\extensions\\ads-campaign-manager\\src\\worker-pool.ts:35:26)","timestamp":"2026-03-28T17:06:58.485Z"}
{"level":"warn","message":"[WORKER] Task auth-QWRzIENhbXBhaWduIE1hbmFnZXI= failed. Retrying in 8158ms (3/3). Error: Cannot extract EAAG/EAAB token from Ads Manager page (Screenshot: C:\\Users\\Admin\\AppData\\Local\\Temp\\auth-error-QWRzIENhbXBhaWdu-1774717618160.png)","service":"meta-auth","timestamp":"2026-03-28T17:06:58.504Z"}
{"level":"info","message":"[AUTH] safeAutoLoginOrRenew for QWRzIENhbXBhaWduIE1hbmFnZXI=","service":"meta-auth","timestamp":"2026-03-28T17:07:06.673Z"}
{"businessId":"QWRzIENhbXBhaWduIE1hbmFnZXI=","level":"info","message":"[AUTH] Tier 1: Token healthy, extending via Graph API.","service":"meta-auth","timestamp":"2026-03-28T17:07:06.676Z"}
{"businessId":"QWRzIENhbXBhaWduIE1hbmFnZXI=","level":"info","message":"[RENEW] Exchanging token via Graph API.","service":"meta-auth","timestamp":"2026-03-28T17:07:06.677Z","tokenPreview":"EAAGNO4a7r2w"}
{"businessId":"QWRzIENhbXBhaWduIE1hbmFnZXI=","errorCode":1,"level":"error","message":"[RENEW FAILED] The access token does not belong to application 1586990572517252","service":"meta-auth","timestamp":"2026-03-28T17:07:06.912Z"}
{"level":"info","message":"[DISCOVERY] EAAG (Android) detected — aligned Android headers.","service":"meta-auth","timestamp":"2026-03-28T17:11:41.750Z"}
{"level":"info","message":"[DISCOVERY] Layer 1 calling: /me?fields=accounts{...}","service":"meta-auth","timestamp":"2026-03-28T17:11:41.750Z"}
{"level":"info","message":"[DISCOVERY] Layer 2 calling: /me/accounts?fields=...","service":"meta-auth","timestamp":"2026-03-28T17:11:41.997Z"}
{"level":"info","message":"[DISCOVERY] Layer 3 calling: /me/accounts?fields=id,name","service":"meta-auth","timestamp":"2026-03-28T17:11:42.201Z"}
{"level":"info","message":"[DISCOVERY] Layer 4 calling: /me/accounts without strict headers","service":"meta-auth","timestamp":"2026-03-28T17:11:42.404Z"}
{"code":1,"error":"Invalid request.","level":"error","message":"[DISCOVERY] All Graph API discovery layers failed.","service":"meta-auth","timestamp":"2026-03-28T17:11:42.604Z","type":"OAuthException"}
{"level":"info","message":"[CRON] Initializing Meta Token Renewal Cron Job (every 12 hours).","service":"meta-auth","timestamp":"2026-03-28T17:20:44.937Z"}
{"level":"info","message":"[CRON] Initializing Meta Token Renewal Cron Job (every 12 hours).","service":"meta-auth","timestamp":"2026-03-28T17:20:45.893Z"}
{"level":"info","message":"[CRON] Initializing Meta Token Renewal Cron Job (every 12 hours).","service":"meta-auth","timestamp":"2026-03-28T17:24:32.108Z"}
{"level":"info","message":"[CRON] Initializing Meta Token Renewal Cron Job (every 12 hours).","service":"meta-auth","timestamp":"2026-03-28T17:32:53.041Z"}
{"level":"info","message":"[DISCOVERY] EAAG (Android) detected — aligned Android headers.","service":"meta-auth","timestamp":"2026-03-28T17:44:47.446Z"}
{"level":"info","message":"[DISCOVERY] Layer 1 calling: /me?fields=accounts{...}","service":"meta-auth","timestamp":"2026-03-28T17:44:47.448Z"}
{"level":"info","message":"[DISCOVERY] Layer 2 calling: /me/accounts?fields=...","service":"meta-auth","timestamp":"2026-03-28T17:44:47.925Z"}
{"level":"info","message":"[DISCOVERY] Layer 3 calling: /me/accounts?fields=id,name","service":"meta-auth","timestamp":"2026-03-28T17:44:48.137Z"}
{"level":"info","message":"[DISCOVERY] Layer 4 calling: /me/accounts without strict headers","service":"meta-auth","timestamp":"2026-03-28T17:44:48.345Z"}
{"code":1,"error":"Invalid request.","level":"error","message":"[DISCOVERY] All Graph API discovery layers failed.","service":"meta-auth","timestamp":"2026-03-28T17:44:48.556Z","type":"OAuthException"}
{"level":"info","message":"[DISCOVERY] EAAG (Android) detected — aligned Android headers.","service":"meta-auth","timestamp":"2026-03-28T17:45:07.905Z"}
{"level":"info","message":"[DISCOVERY] Layer 1 calling: /me?fields=accounts{...}","service":"meta-auth","timestamp":"2026-03-28T17:45:07.906Z"}
{"level":"info","message":"[DISCOVERY] Layer 2 calling: /me/accounts?fields=...","service":"meta-auth","timestamp":"2026-03-28T17:45:08.159Z"}
{"level":"info","message":"[DISCOVERY] Layer 3 calling: /me/accounts?fields=id,name","service":"meta-auth","timestamp":"2026-03-28T17:45:08.362Z"}
{"level":"info","message":"[DISCOVERY] Layer 4 calling: /me/accounts without strict headers","service":"meta-auth","timestamp":"2026-03-28T17:45:08.560Z"}
{"code":1,"error":"Invalid request.","level":"error","message":"[DISCOVERY] All Graph API discovery layers failed.","service":"meta-auth","timestamp":"2026-03-28T17:45:08.762Z","type":"OAuthException"}
{"level":"info","message":"[CRON] Initializing Meta Token Renewal Cron Job (every 12 hours).","service":"meta-auth","timestamp":"2026-03-28T17:53:19.815Z"}
{"level":"info","message":"[CRON] Initializing Meta Token Renewal Cron Job (every 12 hours).","service":"meta-auth","timestamp":"2026-03-28T17:53:20.817Z"}
{"level":"info","message":"[CRON] Initializing Meta Token Renewal Cron Job (every 12 hours).","service":"meta-auth","timestamp":"2026-03-28T18:25:17.820Z"}
{"level":"info","message":"[CRON] Initializing Meta Token Renewal Cron Job (every 12 hours).","service":"meta-auth","timestamp":"2026-03-28T18:25:18.851Z"}
{"level":"info","message":"[CRON] Initializing Meta Token Renewal Cron Job (every 12 hours).","service":"meta-auth","timestamp":"2026-03-28T18:36:08.632Z"}
{"level":"info","message":"[CRON] Initializing Meta Token Renewal Cron Job (every 12 hours).","service":"meta-auth","timestamp":"2026-03-28T18:36:11.276Z"}
{"level":"info","message":"[CRON] Initializing Meta Token Renewal Cron Job (every 12 hours).","service":"meta-auth","timestamp":"2026-03-28T18:40:46.813Z"}
{"level":"info","message":"[CRON] Initializing Meta Token Renewal Cron Job (every 12 hours).","service":"meta-auth","timestamp":"2026-03-28T18:51:31.239Z"}
{"level":"info","message":"[CRON] Initializing Meta Token Renewal Cron Job (every 12 hours).","service":"meta-auth","timestamp":"2026-03-28T18:52:28.747Z"}
{"level":"info","message":"[TOKEN] Decoded FB HTML-encoded token: EAAGNO4a7r2w... (202 → 187 chars)","service":"meta-auth","timestamp":"2026-03-28T18:53:24.324Z"}
{"level":"warn","message":"[TOKEN] Validation FAILED: Malformed access token EAAGNO4a7r2wBRO34Ve4phbH1q bca8/7BcDP1HVW8B04tVC=ECIoPFqO2VCxBr5KrszPOLLl9i/OXI14tnNhr21zJVcgV13Wf3/ VCChkHcz9 31QLoyVaTQOH27HJDjvpYTey9OM=x3Aqq6zGQmRQ62 L2 xYCmibIuuXtcvrpLC5JEY=UQeDzbeA (code=190)","service":"meta-auth","timestamp":"2026-03-28T18:53:24.607Z"}
{"level":"info","message":"[AUTH] safeAutoLoginOrRenew for QWRzIENhbXBhaWduIE1hbmFnZXI=","service":"meta-auth","timestamp":"2026-03-28T18:54:03.351Z"}
{"businessId":"QWRzIENhbXBhaWduIE1hbmFnZXI=","level":"info","message":"[AUTH] Tier 1.5: Attempting fast request-based token extraction.","service":"meta-auth","timestamp":"2026-03-28T18:54:03.358Z"}
{"businessId":"QWRzIENhbXBhaWduIE1hbmFnZXI=","level":"info","message":"[AUTH] Tier 2: Attempting silent cookie login.","service":"meta-auth","timestamp":"2026-03-28T18:54:03.359Z"}
{"level":"warn","message":"[AUTH] Tier 2 failed (Unexpected token 'o', \"[object Obj\"... is not valid JSON). Escalating to Tier 3.","service":"meta-auth","timestamp":"2026-03-28T18:54:03.359Z"}
{"businessId":"QWRzIENhbXBhaWduIE1hbmFnZXI=","level":"info","message":"[AUTH] Tier 3: Full Playwright login with randomized fingerprint.","service":"meta-auth","timestamp":"2026-03-28T18:54:03.360Z"}
{"level":"info","message":"[BROWSER] Using fingerprint: Win32 | 1366x768","service":"meta-auth","timestamp":"2026-03-28T18:54:03.361Z"}
{"level":"info","message":"[AUTH] Submitting login form with reliable method...","service":"meta-auth","timestamp":"2026-03-28T18:54:18.069Z"}
{"level":"info","message":"[AUTH] Navigating to Ads Manager for token extraction...","service":"meta-auth","timestamp":"2026-03-28T18:54:25.807Z"}
{"level":"error","message":"[AUTH] Screenshot saved: C:\\Users\\Admin\\AppData\\Local\\Temp\\auth-error-QWRzIENhbXBhaWdu-1774724071044.png","service":"meta-auth","timestamp":"2026-03-28T18:54:31.303Z"}
{"level":"error","message":"[CRITICAL] QWRzIENhbXBhaWduIE1hbmFnZXI=: Cannot extract EAAG/EAAB token from Ads Manager page (Screenshot: C:\\Users\\Admin\\AppData\\Local\\Temp\\auth-error-QWRzIENhbXBhaWdu-1774724071044.png)","phase":"safeAutoLoginOrRenew","service":"meta-auth","stack":"Error: Cannot extract EAAG/EAAB token from Ads Manager page (Screenshot: C:\\Users\\Admin\\AppData\\Local\\Temp\\auth-error-QWRzIENhbXBhaWdu-1774724071044.png)\n    at performPlaywrightLogin (D:\\opclaw\\extensions\\ads-campaign-manager\\src\\meta-login.ts:613:23)\n    at Object.execute (D:\\opclaw\\extensions\\ads-campaign-manager\\src\\meta-login.ts:466:24)\n    at Object.wrappedTask [as fn] (D:\\opclaw\\extensions\\ads-campaign-manager\\src\\worker-pool.ts:35:26)","timestamp":"2026-03-28T18:54:31.380Z"}
{"level":"warn","message":"[WORKER] Task auth-QWRzIENhbXBhaWduIE1hbmFnZXI= failed. Retrying in 2188ms (1/3). Error: Cannot extract EAAG/EAAB token from Ads Manager page (Screenshot: C:\\Users\\Admin\\AppData\\Local\\Temp\\auth-error-QWRzIENhbXBhaWdu-1774724071044.png)","service":"meta-auth","timestamp":"2026-03-28T18:54:31.404Z"}
{"level":"info","message":"[AUTH] safeAutoLoginOrRenew for QWRzIENhbXBhaWduIE1hbmFnZXI=","service":"meta-auth","timestamp":"2026-03-28T18:54:33.602Z"}
{"businessId":"QWRzIENhbXBhaWduIE1hbmFnZXI=","level":"info","message":"[AUTH] Tier 1.5: Attempting fast request-based token extraction.","service":"meta-auth","timestamp":"2026-03-28T18:54:33.606Z"}
{"businessId":"QWRzIENhbXBhaWduIE1hbmFnZXI=","level":"info","message":"[AUTH] Tier 2: Attempting silent cookie login.","service":"meta-auth","timestamp":"2026-03-28T18:54:33.607Z"}
{"level":"warn","message":"[AUTH] Tier 2 failed (Unexpected token 'o', \"[object Obj\"... is not valid JSON). Escalating to Tier 3.","service":"meta-auth","timestamp":"2026-03-28T18:54:33.607Z"}
{"businessId":"QWRzIENhbXBhaWduIE1hbmFnZXI=","level":"info","message":"[AUTH] Tier 3: Full Playwright login with randomized fingerprint.","service":"meta-auth","timestamp":"2026-03-28T18:54:33.608Z"}
{"level":"info","message":"[BROWSER] Using fingerprint: Linux armv8l | 390x844","service":"meta-auth","timestamp":"2026-03-28T18:54:33.608Z"}
{"level":"info","message":"[AUTH] Submitting login form with reliable method...","service":"meta-auth","timestamp":"2026-03-28T18:54:46.666Z"}
{"level":"info","message":"[AUTH] Navigating to Ads Manager for token extraction...","service":"meta-auth","timestamp":"2026-03-28T18:54:55.414Z"}
{"level":"error","message":"[AUTH] Screenshot saved: C:\\Users\\Admin\\AppData\\Local\\Temp\\auth-error-QWRzIENhbXBhaWdu-1774724100315.png","service":"meta-auth","timestamp":"2026-03-28T18:55:00.818Z"}
{"level":"error","message":"[CRITICAL] QWRzIENhbXBhaWduIE1hbmFnZXI=: Cannot extract EAAG/EAAB token from Ads Manager page (Screenshot: C:\\Users\\Admin\\AppData\\Local\\Temp\\auth-error-QWRzIENhbXBhaWdu-1774724100315.png)","phase":"safeAutoLoginOrRenew","service":"meta-auth","stack":"Error: Cannot extract EAAG/EAAB token from Ads Manager page (Screenshot: C:\\Users\\Admin\\AppData\\Local\\Temp\\auth-error-QWRzIENhbXBhaWdu-1774724100315.png)\n    at performPlaywrightLogin (D:\\opclaw\\extensions\\ads-campaign-manager\\src\\meta-login.ts:613:23)\n    at Object.execute (D:\\opclaw\\extensions\\ads-campaign-manager\\src\\meta-login.ts:466:24)\n    at Object.wrappedTask [as fn] (D:\\opclaw\\extensions\\ads-campaign-manager\\src\\worker-pool.ts:35:26)","timestamp":"2026-03-28T18:55:00.901Z"}
{"level":"warn","message":"[WORKER] Task auth-QWRzIENhbXBhaWduIE1hbmFnZXI= failed. Retrying in 4390ms (2/3). Error: Cannot extract EAAG/EAAB token from Ads Manager page (Screenshot: C:\\Users\\Admin\\AppData\\Local\\Temp\\auth-error-QWRzIENhbXBhaWdu-1774724100315.png)","service":"meta-auth","timestamp":"2026-03-28T18:55:00.924Z"}
{"level":"info","message":"[AUTH] safeAutoLoginOrRenew for QWRzIENhbXBhaWduIE1hbmFnZXI=","service":"meta-auth","timestamp":"2026-03-28T18:55:05.319Z"}
{"businessId":"QWRzIENhbXBhaWduIE1hbmFnZXI=","level":"info","message":"[AUTH] Tier 1.5: Attempting fast request-based token extraction.","service":"meta-auth","timestamp":"2026-03-28T18:55:05.323Z"}
{"businessId":"QWRzIENhbXBhaWduIE1hbmFnZXI=","level":"info","message":"[AUTH] Tier 2: Attempting silent cookie login.","service":"meta-auth","timestamp":"2026-03-28T18:55:05.324Z"}
{"level":"warn","message":"[AUTH] Tier 2 failed (Unexpected token 'o', \"[object Obj\"... is not valid JSON). Escalating to Tier 3.","service":"meta-auth","timestamp":"2026-03-28T18:55:05.327Z"}
{"businessId":"QWRzIENhbXBhaWduIE1hbmFnZXI=","level":"info","message":"[AUTH] Tier 3: Full Playwright login with randomized fingerprint.","service":"meta-auth","timestamp":"2026-03-28T18:55:05.328Z"}
{"level":"info","message":"[BROWSER] Using fingerprint: Win32 | 1366x768","service":"meta-auth","timestamp":"2026-03-28T18:55:05.329Z"}
{"level":"info","message":"[AUTH] Submitting login form with reliable method...","service":"meta-auth","timestamp":"2026-03-28T18:55:18.280Z"}
{"level":"info","message":"[AUTH] Navigating to Ads Manager for token extraction...","service":"meta-auth","timestamp":"2026-03-28T18:55:27.781Z"}
{"level":"error","message":"[AUTH] Screenshot saved: C:\\Users\\Admin\\AppData\\Local\\Temp\\auth-error-QWRzIENhbXBhaWdu-1774724132013.png","service":"meta-auth","timestamp":"2026-03-28T18:55:32.303Z"}
{"level":"error","message":"[CRITICAL] QWRzIENhbXBhaWduIE1hbmFnZXI=: Cannot extract EAAG/EAAB token from Ads Manager page (Screenshot: C:\\Users\\Admin\\AppData\\Local\\Temp\\auth-error-QWRzIENhbXBhaWdu-1774724132013.png)","phase":"safeAutoLoginOrRenew","service":"meta-auth","stack":"Error: Cannot extract EAAG/EAAB token from Ads Manager page (Screenshot: C:\\Users\\Admin\\AppData\\Local\\Temp\\auth-error-QWRzIENhbXBhaWdu-1774724132013.png)\n    at performPlaywrightLogin (D:\\opclaw\\extensions\\ads-campaign-manager\\src\\meta-login.ts:613:23)\n    at Object.execute (D:\\opclaw\\extensions\\ads-campaign-manager\\src\\meta-login.ts:466:24)\n    at Object.wrappedTask [as fn] (D:\\opclaw\\extensions\\ads-campaign-manager\\src\\worker-pool.ts:35:26)","timestamp":"2026-03-28T18:55:32.382Z"}
{"level":"warn","message":"[WORKER] Task auth-QWRzIENhbXBhaWduIE1hbmFnZXI= failed. Retrying in 8933ms (3/3). Error: Cannot extract EAAG/EAAB token from Ads Manager page (Screenshot: C:\\Users\\Admin\\AppData\\Local\\Temp\\auth-error-QWRzIENhbXBhaWdu-1774724132013.png)","service":"meta-auth","timestamp":"2026-03-28T18:55:32.400Z"}
{"level":"info","message":"[AUTH] safeAutoLoginOrRenew for QWRzIENhbXBhaWduIE1hbmFnZXI=","service":"meta-auth","timestamp":"2026-03-28T18:55:41.349Z"}
{"businessId":"QWRzIENhbXBhaWduIE1hbmFnZXI=","level":"info","message":"[AUTH] Tier 1.5: Attempting fast request-based token extraction.","service":"meta-auth","timestamp":"2026-03-28T18:55:41.353Z"}
{"businessId":"QWRzIENhbXBhaWduIE1hbmFnZXI=","level":"info","message":"[AUTH] Tier 2: Attempting silent cookie login.","service":"meta-auth","timestamp":"2026-03-28T18:55:41.353Z"}
{"level":"warn","message":"[AUTH] Tier 2 failed (Unexpected token 'o', \"[object Obj\"... is not valid JSON). Escalating to Tier 3.","service":"meta-auth","timestamp":"2026-03-28T18:55:41.354Z"}
{"businessId":"QWRzIENhbXBhaWduIE1hbmFnZXI=","level":"info","message":"[AUTH] Tier 3: Full Playwright login with randomized fingerprint.","service":"meta-auth","timestamp":"2026-03-28T18:55:41.354Z"}
{"level":"info","message":"[BROWSER] Using fingerprint: Win32 | 1440x900","service":"meta-auth","timestamp":"2026-03-28T18:55:41.355Z"}
{"level":"info","message":"[AUTH] Submitting login form with reliable method...","service":"meta-auth","timestamp":"2026-03-28T18:55:53.687Z"}
{"level":"info","message":"[AUTH] Navigating to Ads Manager for token extraction...","service":"meta-auth","timestamp":"2026-03-28T18:56:02.119Z"}
{"level":"error","message":"[AUTH] Screenshot saved: C:\\Users\\Admin\\AppData\\Local\\Temp\\auth-error-QWRzIENhbXBhaWdu-1774724167627.png","service":"meta-auth","timestamp":"2026-03-28T18:56:07.930Z"}
{"level":"error","message":"[CRITICAL] QWRzIENhbXBhaWduIE1hbmFnZXI=: Cannot extract EAAG/EAAB token from Ads Manager page (Screenshot: C:\\Users\\Admin\\AppData\\Local\\Temp\\auth-error-QWRzIENhbXBhaWdu-1774724167627.png)","phase":"safeAutoLoginOrRenew","service":"meta-auth","stack":"Error: Cannot extract EAAG/EAAB token from Ads Manager page (Screenshot: C:\\Users\\Admin\\AppData\\Local\\Temp\\auth-error-QWRzIENhbXBhaWdu-1774724167627.png)\n    at performPlaywrightLogin (D:\\opclaw\\extensions\\ads-campaign-manager\\src\\meta-login.ts:613:23)\n    at Object.execute (D:\\opclaw\\extensions\\ads-campaign-manager\\src\\meta-login.ts:466:24)\n    at Object.wrappedTask [as fn] (D:\\opclaw\\extensions\\ads-campaign-manager\\src\\worker-pool.ts:35:26)","timestamp":"2026-03-28T18:56:08.019Z"}
{"level":"error","message":"[WORKER] Task auth-QWRzIENhbXBhaWduIE1hbmFnZXI= failed after 3 retries.","service":"meta-auth","timestamp":"2026-03-28T18:56:08.034Z"}
{"level":"info","message":"[CRON] Initializing Meta Token Renewal Cron Job (every 12 hours).","service":"meta-auth","timestamp":"2026-03-29T04:29:02.501Z"}
{"level":"info","message":"[CRON] Initializing Meta Token Renewal Cron Job (every 12 hours).","service":"meta-auth","timestamp":"2026-03-29T04:51:17.964Z"}
{"level":"info","message":"[CRON] Initializing Meta Token Renewal Cron Job (every 12 hours).","service":"meta-auth","timestamp":"2026-03-29T04:53:56.108Z"}
{"level":"info","message":"[AUTH] safeAutoLoginOrRenew for QWRzIENhbXBhaWduIE1hbmFnZXI=","service":"meta-auth","timestamp":"2026-03-29T04:55:58.431Z"}
{"businessId":"QWRzIENhbXBhaWduIE1hbmFnZXI=","level":"info","message":"[AUTH] Tier 1.5: Attempting fast request-based token extraction.","service":"meta-auth","timestamp":"2026-03-29T04:55:58.443Z"}
{"businessId":"QWRzIENhbXBhaWduIE1hbmFnZXI=","level":"info","message":"[AUTH] Tier 2: Attempting silent cookie login.","service":"meta-auth","timestamp":"2026-03-29T04:55:58.444Z"}
{"level":"warn","message":"[AUTH] Tier 2 failed (Unexpected token 'o', \"[object Obj\"... is not valid JSON). Escalating to Tier 3.","service":"meta-auth","timestamp":"2026-03-29T04:55:58.444Z"}
{"businessId":"QWRzIENhbXBhaWduIE1hbmFnZXI=","level":"info","message":"[AUTH] Tier 3: Full Playwright login with randomized fingerprint.","service":"meta-auth","timestamp":"2026-03-29T04:55:58.445Z"}
{"level":"info","message":"[BROWSER] Using fingerprint: Win32 | 1920x1080","service":"meta-auth","timestamp":"2026-03-29T04:55:58.446Z"}
{"level":"info","message":"[AUTH] Submitting login form with reliable method...","service":"meta-auth","timestamp":"2026-03-29T04:56:14.710Z"}
{"level":"info","message":"[AUTH] Navigating to Ads Manager for token extraction...","service":"meta-auth","timestamp":"2026-03-29T04:56:23.630Z"}
{"level":"warn","message":"[TOKEN] All extraction layers failed - no token found","service":"meta-auth","timestamp":"2026-03-29T04:56:24.474Z"}
{"level":"info","message":"[AUTH] Waiting for token... attempt 1/15","service":"meta-auth","timestamp":"2026-03-29T04:56:24.475Z"}
{"level":"warn","message":"[TOKEN] All extraction layers failed - no token found","service":"meta-auth","timestamp":"2026-03-29T04:56:26.744Z"}
{"level":"info","message":"[AUTH] Waiting for token... attempt 2/15","service":"meta-auth","timestamp":"2026-03-29T04:56:26.745Z"}
{"level":"warn","message":"[TOKEN] All extraction layers failed - no token found","service":"meta-auth","timestamp":"2026-03-29T04:56:28.934Z"}
{"level":"info","message":"[AUTH] Waiting for token... attempt 3/15","service":"meta-auth","timestamp":"2026-03-29T04:56:28.935Z"}
{"level":"warn","message":"[TOKEN] All extraction layers failed - no token found","service":"meta-auth","timestamp":"2026-03-29T04:56:31.416Z"}
{"level":"info","message":"[AUTH] Waiting for token... attempt 4/15","service":"meta-auth","timestamp":"2026-03-29T04:56:31.417Z"}
{"level":"warn","message":"[TOKEN] All extraction layers failed - no token found","service":"meta-auth","timestamp":"2026-03-29T04:56:33.922Z"}
{"level":"info","message":"[AUTH] Waiting for token... attempt 5/15","service":"meta-auth","timestamp":"2026-03-29T04:56:33.923Z"}
{"level":"warn","message":"[TOKEN] All extraction layers failed - no token found","service":"meta-auth","timestamp":"2026-03-29T04:56:36.428Z"}
{"level":"info","message":"[AUTH] Waiting for token... attempt 6/15","service":"meta-auth","timestamp":"2026-03-29T04:56:36.429Z"}
{"level":"warn","message":"[TOKEN] All extraction layers failed - no token found","service":"meta-auth","timestamp":"2026-03-29T04:56:38.658Z"}
{"level":"info","message":"[AUTH] Waiting for token... attempt 7/15","service":"meta-auth","timestamp":"2026-03-29T04:56:38.658Z"}
{"level":"warn","message":"[TOKEN] All extraction layers failed - no token found","service":"meta-auth","timestamp":"2026-03-29T04:56:41.028Z"}
{"level":"info","message":"[AUTH] Waiting for token... attempt 8/15","service":"meta-auth","timestamp":"2026-03-29T04:56:41.028Z"}
{"level":"warn","message":"[TOKEN] All extraction layers failed - no token found","service":"meta-auth","timestamp":"2026-03-29T04:56:43.328Z"}
{"level":"info","message":"[AUTH] Waiting for token... attempt 9/15","service":"meta-auth","timestamp":"2026-03-29T04:56:43.329Z"}
{"level":"warn","message":"[TOKEN] All extraction layers failed - no token found","service":"meta-auth","timestamp":"2026-03-29T04:56:45.610Z"}
{"level":"info","message":"[AUTH] Waiting for token... attempt 10/15","service":"meta-auth","timestamp":"2026-03-29T04:56:45.610Z"}
{"level":"warn","message":"[TOKEN] All extraction layers failed - no token found","service":"meta-auth","timestamp":"2026-03-29T04:56:47.850Z"}
{"level":"info","message":"[AUTH] Waiting for token... attempt 11/15","service":"meta-auth","timestamp":"2026-03-29T04:56:47.851Z"}
{"level":"warn","message":"[TOKEN] All extraction layers failed - no token found","service":"meta-auth","timestamp":"2026-03-29T04:56:50.401Z"}
{"level":"info","message":"[AUTH] Waiting for token... attempt 12/15","service":"meta-auth","timestamp":"2026-03-29T04:56:50.402Z"}
{"level":"warn","message":"[TOKEN] All extraction layers failed - no token found","service":"meta-auth","timestamp":"2026-03-29T04:56:52.578Z"}
{"level":"info","message":"[AUTH] Waiting for token... attempt 13/15","service":"meta-auth","timestamp":"2026-03-29T04:56:52.579Z"}
{"level":"warn","message":"[TOKEN] All extraction layers failed - no token found","service":"meta-auth","timestamp":"2026-03-29T04:56:54.841Z"}
{"level":"info","message":"[AUTH] Waiting for token... attempt 14/15","service":"meta-auth","timestamp":"2026-03-29T04:56:54.841Z"}
{"level":"warn","message":"[TOKEN] All extraction layers failed - no token found","service":"meta-auth","timestamp":"2026-03-29T04:56:57.153Z"}
{"level":"info","message":"[AUTH] Waiting for token... attempt 15/15","service":"meta-auth","timestamp":"2026-03-29T04:56:57.154Z"}
{"level":"error","message":"[AUTH] Screenshot saved: C:\\Users\\Admin\\AppData\\Local\\Temp\\auth-error-QWRzIENhbXBhaWdu-1774760219850.png","service":"meta-auth","timestamp":"2026-03-29T04:57:00.104Z"}
{"level":"error","message":"[CRITICAL] QWRzIENhbXBhaWduIE1hbmFnZXI=: Cannot extract EAAG/EAAB token from Ads Manager page (Screenshot: C:\\Users\\Admin\\AppData\\Local\\Temp\\auth-error-QWRzIENhbXBhaWdu-1774760219564.png) (Screenshot: C:\\Users\\Admin\\AppData\\Local\\Temp\\auth-error-QWRzIENhbXBhaWdu-1774760219850.png)","phase":"safeAutoLoginOrRenew","service":"meta-auth","stack":"Error: Cannot extract EAAG/EAAB token from Ads Manager page (Screenshot: C:\\Users\\Admin\\AppData\\Local\\Temp\\auth-error-QWRzIENhbXBhaWdu-1774760219564.png) (Screenshot: C:\\Users\\Admin\\AppData\\Local\\Temp\\auth-error-QWRzIENhbXBhaWdu-1774760219850.png)\n    at performPlaywrightLogin (D:\\opclaw\\extensions\\ads-campaign-manager\\src\\meta-login.ts:754:13)\n    at Object.execute (D:\\opclaw\\extensions\\ads-campaign-manager\\src\\meta-login.ts:592:24)\n    at Object.wrappedTask [as fn] (D:\\opclaw\\extensions\\ads-campaign-manager\\src\\worker-pool.ts:35:26)","timestamp":"2026-03-29T04:57:00.205Z"}
{"level":"warn","message":"[WORKER] Task auth-QWRzIENhbXBhaWduIE1hbmFnZXI= failed. Retrying in 2314ms (1/3). Error: Cannot extract EAAG/EAAB token from Ads Manager page (Screenshot: C:\\Users\\Admin\\AppData\\Local\\Temp\\auth-error-QWRzIENhbXBhaWdu-1774760219564.png) (Screenshot: C:\\Users\\Admin\\AppData\\Local\\Temp\\auth-error-QWRzIENhbXBhaWdu-1774760219850.png)","service":"meta-auth","timestamp":"2026-03-29T04:57:00.231Z"}
{"level":"info","message":"[AUTH] safeAutoLoginOrRenew for QWRzIENhbXBhaWduIE1hbmFnZXI=","service":"meta-auth","timestamp":"2026-03-29T04:57:02.557Z"}
{"businessId":"QWRzIENhbXBhaWduIE1hbmFnZXI=","level":"info","message":"[AUTH] Tier 1.5: Attempting fast request-based token extraction.","service":"meta-auth","timestamp":"2026-03-29T04:57:02.562Z"}
{"businessId":"QWRzIENhbXBhaWduIE1hbmFnZXI=","level":"info","message":"[AUTH] Tier 2: Attempting silent cookie login.","service":"meta-auth","timestamp":"2026-03-29T04:57:02.563Z"}
{"level":"warn","message":"[AUTH] Tier 2 failed (Unexpected token 'o', \"[object Obj\"... is not valid JSON). Escalating to Tier 3.","service":"meta-auth","timestamp":"2026-03-29T04:57:02.564Z"}
{"businessId":"QWRzIENhbXBhaWduIE1hbmFnZXI=","level":"info","message":"[AUTH] Tier 3: Full Playwright login with randomized fingerprint.","service":"meta-auth","timestamp":"2026-03-29T04:57:02.564Z"}
{"level":"info","message":"[BROWSER] Using fingerprint: Linux armv8l | 390x844","service":"meta-auth","timestamp":"2026-03-29T04:57:02.565Z"}
{"level":"info","message":"[AUTH] Submitting login form with reliable method...","service":"meta-auth","timestamp":"2026-03-29T04:57:15.225Z"}
{"level":"info","message":"[AUTH] Navigating to Ads Manager for token extraction...","service":"meta-auth","timestamp":"2026-03-29T04:57:23.527Z"}
{"level":"warn","message":"[TOKEN] All extraction layers failed - no token found","service":"meta-auth","timestamp":"2026-03-29T04:57:24.322Z"}
{"level":"info","message":"[AUTH] Waiting for token... attempt 1/15","service":"meta-auth","timestamp":"2026-03-29T04:57:24.323Z"}
{"level":"warn","message":"[TOKEN] All extraction layers failed - no token found","service":"meta-auth","timestamp":"2026-03-29T04:57:26.814Z"}
{"level":"info","message":"[AUTH] Waiting for token... attempt 2/15","service":"meta-auth","timestamp":"2026-03-29T04:57:26.815Z"}
{"level":"warn","message":"[TOKEN] All extraction layers failed - no token found","service":"meta-auth","timestamp":"2026-03-29T04:57:28.937Z"}
{"level":"info","message":"[AUTH] Waiting for token... attempt 3/15","service":"meta-auth","timestamp":"2026-03-29T04:57:28.938Z"}
{"level":"warn","message":"[TOKEN] All extraction layers failed - no token found","service":"meta-auth","timestamp":"2026-03-29T04:57:31.244Z"}
{"level":"info","message":"[AUTH] Waiting for token... attempt 4/15","service":"meta-auth","timestamp":"2026-03-29T04:57:31.245Z"}
{"level":"warn","message":"[TOKEN] All extraction layers failed - no token found","service":"meta-auth","timestamp":"2026-03-29T04:57:33.599Z"}
{"level":"info","message":"[AUTH] Waiting for token... attempt 5/15","service":"meta-auth","timestamp":"2026-03-29T04:57:33.599Z"}
{"level":"warn","message":"[TOKEN] All extraction layers failed - no token found","service":"meta-auth","timestamp":"2026-03-29T04:57:36.015Z"}
{"level":"info","message":"[AUTH] Waiting for token... attempt 6/15","service":"meta-auth","timestamp":"2026-03-29T04:57:36.016Z"}
{"level":"warn","message":"[TOKEN] All extraction layers failed - no token found","service":"meta-auth","timestamp":"2026-03-29T04:57:38.324Z"}
{"level":"info","message":"[AUTH] Waiting for token... attempt 7/15","service":"meta-auth","timestamp":"2026-03-29T04:57:38.325Z"}
{"level":"warn","message":"[TOKEN] All extraction layers failed - no token found","service":"meta-auth","timestamp":"2026-03-29T04:57:40.808Z"}
{"level":"info","message":"[AUTH] Waiting for token... attempt 8/15","service":"meta-auth","timestamp":"2026-03-29T04:57:40.808Z"}
{"level":"warn","message":"[TOKEN] All extraction layers failed - no token found","service":"meta-auth","timestamp":"2026-03-29T04:57:42.941Z"}
{"level":"info","message":"[AUTH] Waiting for token... attempt 9/15","service":"meta-auth","timestamp":"2026-03-29T04:57:42.942Z"}
{"level":"warn","message":"[TOKEN] All extraction layers failed - no token found","service":"meta-auth","timestamp":"2026-03-29T04:57:45.278Z"}
{"level":"info","message":"[AUTH] Waiting for token... attempt 10/15","service":"meta-auth","timestamp":"2026-03-29T04:57:45.279Z"}
{"level":"warn","message":"[TOKEN] All extraction layers failed - no token found","service":"meta-auth","timestamp":"2026-03-29T04:57:47.416Z"}
{"level":"info","message":"[AUTH] Waiting for token... attempt 11/15","service":"meta-auth","timestamp":"2026-03-29T04:57:47.417Z"}
{"level":"warn","message":"[TOKEN] All extraction layers failed - no token found","service":"meta-auth","timestamp":"2026-03-29T04:57:49.661Z"}
{"level":"info","message":"[AUTH] Waiting for token... attempt 12/15","service":"meta-auth","timestamp":"2026-03-29T04:57:49.661Z"}
{"level":"warn","message":"[TOKEN] All extraction layers failed - no token found","service":"meta-auth","timestamp":"2026-03-29T04:57:51.806Z"}
{"level":"info","message":"[AUTH] Waiting for token... attempt 13/15","service":"meta-auth","timestamp":"2026-03-29T04:57:51.807Z"}
{"level":"warn","message":"[TOKEN] All extraction layers failed - no token found","service":"meta-auth","timestamp":"2026-03-29T04:57:54.012Z"}
{"level":"info","message":"[AUTH] Waiting for token... attempt 14/15","service":"meta-auth","timestamp":"2026-03-29T04:57:54.013Z"}
{"level":"warn","message":"[TOKEN] All extraction layers failed - no token found","service":"meta-auth","timestamp":"2026-03-29T04:57:56.098Z"}
{"level":"info","message":"[AUTH] Waiting for token... attempt 15/15","service":"meta-auth","timestamp":"2026-03-29T04:57:56.099Z"}
{"level":"error","message":"[AUTH] Screenshot saved: C:\\Users\\Admin\\AppData\\Local\\Temp\\auth-error-QWRzIENhbXBhaWdu-1774760278994.png","service":"meta-auth","timestamp":"2026-03-29T04:57:59.455Z"}
{"level":"error","message":"[CRITICAL] QWRzIENhbXBhaWduIE1hbmFnZXI=: Cannot extract EAAG/EAAB token from Ads Manager page (Screenshot: C:\\Users\\Admin\\AppData\\Local\\Temp\\auth-error-QWRzIENhbXBhaWdu-1774760278429.png) (Screenshot: C:\\Users\\Admin\\AppData\\Local\\Temp\\auth-error-QWRzIENhbXBhaWdu-1774760278994.png)","phase":"safeAutoLoginOrRenew","service":"meta-auth","stack":"Error: Cannot extract EAAG/EAAB token from Ads Manager page (Screenshot: C:\\Users\\Admin\\AppData\\Local\\Temp\\auth-error-QWRzIENhbXBhaWdu-1774760278429.png) (Screenshot: C:\\Users\\Admin\\AppData\\Local\\Temp\\auth-error-QWRzIENhbXBhaWdu-1774760278994.png)\n    at performPlaywrightLogin (D:\\opclaw\\extensions\\ads-campaign-manager\\src\\meta-login.ts:754:13)\n    at Object.execute (D:\\opclaw\\extensions\\ads-campaign-manager\\src\\meta-login.ts:592:24)\n    at Object.wrappedTask [as fn] (D:\\opclaw\\extensions\\ads-campaign-manager\\src\\worker-pool.ts:35:26)","timestamp":"2026-03-29T04:57:59.528Z"}
{"level":"warn","message":"[WORKER] Task auth-QWRzIENhbXBhaWduIE1hbmFnZXI= failed. Retrying in 4916ms (2/3). Error: Cannot extract EAAG/EAAB token from Ads Manager page (Screenshot: C:\\Users\\Admin\\AppData\\Local\\Temp\\auth-error-QWRzIENhbXBhaWdu-1774760278429.png) (Screenshot: C:\\Users\\Admin\\AppData\\Local\\Temp\\auth-error-QWRzIENhbXBhaWdu-1774760278994.png)","service":"meta-auth","timestamp":"2026-03-29T04:57:59.546Z"}
{"level":"info","message":"[AUTH] safeAutoLoginOrRenew for QWRzIENhbXBhaWduIE1hbmFnZXI=","service":"meta-auth","timestamp":"2026-03-29T04:58:04.472Z"}
{"businessId":"QWRzIENhbXBhaWduIE1hbmFnZXI=","level":"info","message":"[AUTH] Tier 1.5: Attempting fast request-based token extraction.","service":"meta-auth","timestamp":"2026-03-29T04:58:04.477Z"}
{"businessId":"QWRzIENhbXBhaWduIE1hbmFnZXI=","level":"info","message":"[AUTH] Tier 2: Attempting silent cookie login.","service":"meta-auth","timestamp":"2026-03-29T04:58:04.478Z"}
{"level":"warn","message":"[AUTH] Tier 2 failed (Unexpected token 'o', \"[object Obj\"... is not valid JSON). Escalating to Tier 3.","service":"meta-auth","timestamp":"2026-03-29T04:58:04.478Z"}
{"businessId":"QWRzIENhbXBhaWduIE1hbmFnZXI=","level":"info","message":"[AUTH] Tier 3: Full Playwright login with randomized fingerprint.","service":"meta-auth","timestamp":"2026-03-29T04:58:04.479Z"}
{"level":"info","message":"[BROWSER] Using fingerprint: Win32 | 1920x1080","service":"meta-auth","timestamp":"2026-03-29T04:58:04.479Z"}
{"level":"info","message":"[AUTH] Submitting login form with reliable method...","service":"meta-auth","timestamp":"2026-03-29T04:58:16.799Z"}
{"level":"info","message":"[AUTH] Navigating to Ads Manager for token extraction...","service":"meta-auth","timestamp":"2026-03-29T04:58:24.777Z"}
{"level":"warn","message":"[TOKEN] All extraction layers failed - no token found","service":"meta-auth","timestamp":"2026-03-29T04:58:25.707Z"}
{"level":"info","message":"[AUTH] Waiting for token... attempt 1/15","service":"meta-auth","timestamp":"2026-03-29T04:58:25.708Z"}
{"level":"warn","message":"[TOKEN] All extraction layers failed - no token found","service":"meta-auth","timestamp":"2026-03-29T04:58:27.997Z"}
{"level":"info","message":"[AUTH] Waiting for token... attempt 2/15","service":"meta-auth","timestamp":"2026-03-29T04:58:27.997Z"}
{"level":"warn","message":"[TOKEN] All extraction layers failed - no token found","service":"meta-auth","timestamp":"2026-03-29T04:58:30.198Z"}
{"level":"info","message":"[AUTH] Waiting for token... attempt 3/15","service":"meta-auth","timestamp":"2026-03-29T04:58:30.199Z"}
{"level":"warn","message":"[TOKEN] All extraction layers failed - no token found","service":"meta-auth","timestamp":"2026-03-29T04:58:32.622Z"}
{"level":"info","message":"[AUTH] Waiting for token... attempt 4/15","service":"meta-auth","timestamp":"2026-03-29T04:58:32.623Z"}
{"level":"warn","message":"[TOKEN] All extraction layers failed - no token found","service":"meta-auth","timestamp":"2026-03-29T04:58:35.108Z"}
{"level":"info","message":"[AUTH] Waiting for token... attempt 5/15","service":"meta-auth","timestamp":"2026-03-29T04:58:35.109Z"}
{"level":"warn","message":"[TOKEN] All extraction layers failed - no token found","service":"meta-auth","timestamp":"2026-03-29T04:58:37.439Z"}
{"level":"info","message":"[AUTH] Waiting for token... attempt 6/15","service":"meta-auth","timestamp":"2026-03-29T04:58:37.439Z"}
{"level":"warn","message":"[TOKEN] All extraction layers failed - no token found","service":"meta-auth","timestamp":"2026-03-29T04:58:39.828Z"}
{"level":"info","message":"[AUTH] Waiting for token... attempt 7/15","service":"meta-auth","timestamp":"2026-03-29T04:58:39.828Z"}
{"level":"warn","message":"[TOKEN] All extraction layers failed - no token found","service":"meta-auth","timestamp":"2026-03-29T04:58:42.113Z"}
{"level":"info","message":"[AUTH] Waiting for token... attempt 8/15","service":"meta-auth","timestamp":"2026-03-29T04:58:42.114Z"}
{"level":"warn","message":"[TOKEN] All extraction layers failed - no token found","service":"meta-auth","timestamp":"2026-03-29T04:58:44.179Z"}
{"level":"info","message":"[AUTH] Waiting for token... attempt 9/15","service":"meta-auth","timestamp":"2026-03-29T04:58:44.180Z"}
{"level":"warn","message":"[TOKEN] All extraction layers failed - no token found","service":"meta-auth","timestamp":"2026-03-29T04:58:46.704Z"}
{"level":"info","message":"[AUTH] Waiting for token... attempt 10/15","service":"meta-auth","timestamp":"2026-03-29T04:58:46.705Z"}
{"level":"warn","message":"[TOKEN] All extraction layers failed - no token found","service":"meta-auth","timestamp":"2026-03-29T04:58:48.783Z"}
{"level":"info","message":"[AUTH] Waiting for token... attempt 11/15","service":"meta-auth","timestamp":"2026-03-29T04:58:48.783Z"}
{"level":"warn","message":"[TOKEN] All extraction layers failed - no token found","service":"meta-auth","timestamp":"2026-03-29T04:58:51.101Z"}
{"level":"info","message":"[AUTH] Waiting for token... attempt 12/15","service":"meta-auth","timestamp":"2026-03-29T04:58:51.102Z"}
{"level":"warn","message":"[TOKEN] All extraction layers failed - no token found","service":"meta-auth","timestamp":"2026-03-29T04:58:53.181Z"}
{"level":"info","message":"[AUTH] Waiting for token... attempt 13/15","service":"meta-auth","timestamp":"2026-03-29T04:58:53.181Z"}
{"level":"warn","message":"[TOKEN] All extraction layers failed - no token found","service":"meta-auth","timestamp":"2026-03-29T04:58:55.509Z"}
{"level":"info","message":"[AUTH] Waiting for token... attempt 14/15","service":"meta-auth","timestamp":"2026-03-29T04:58:55.510Z"}
{"level":"warn","message":"[TOKEN] All extraction layers failed - no token found","service":"meta-auth","timestamp":"2026-03-29T04:58:58.033Z"}
{"level":"info","message":"[AUTH] Waiting for token... attempt 15/15","service":"meta-auth","timestamp":"2026-03-29T04:58:58.033Z"}
{"level":"error","message":"[AUTH] Screenshot saved: C:\\Users\\Admin\\AppData\\Local\\Temp\\auth-error-QWRzIENhbXBhaWdu-1774760340479.png","service":"meta-auth","timestamp":"2026-03-29T04:59:00.718Z"}
{"level":"error","message":"[CRITICAL] QWRzIENhbXBhaWduIE1hbmFnZXI=: Cannot extract EAAG/EAAB token from Ads Manager page (Screenshot: C:\\Users\\Admin\\AppData\\Local\\Temp\\auth-error-QWRzIENhbXBhaWdu-1774760340212.png) (Screenshot: C:\\Users\\Admin\\AppData\\Local\\Temp\\auth-error-QWRzIENhbXBhaWdu-1774760340479.png)","phase":"safeAutoLoginOrRenew","service":"meta-auth","stack":"Error: Cannot extract EAAG/EAAB token from Ads Manager page (Screenshot: C:\\Users\\Admin\\AppData\\Local\\Temp\\auth-error-QWRzIENhbXBhaWdu-1774760340212.png) (Screenshot: C:\\Users\\Admin\\AppData\\Local\\Temp\\auth-error-QWRzIENhbXBhaWdu-1774760340479.png)\n    at performPlaywrightLogin (D:\\opclaw\\extensions\\ads-campaign-manager\\src\\meta-login.ts:754:13)\n    at Object.execute (D:\\opclaw\\extensions\\ads-campaign-manager\\src\\meta-login.ts:592:24)\n    at Object.wrappedTask [as fn] (D:\\opclaw\\extensions\\ads-campaign-manager\\src\\worker-pool.ts:35:26)","timestamp":"2026-03-29T04:59:00.790Z"}
{"level":"warn","message":"[WORKER] Task auth-QWRzIENhbXBhaWduIE1hbmFnZXI= failed. Retrying in 8370ms (3/3). Error: Cannot extract EAAG/EAAB token from Ads Manager page (Screenshot: C:\\Users\\Admin\\AppData\\Local\\Temp\\auth-error-QWRzIENhbXBhaWdu-1774760340212.png) (Screenshot: C:\\Users\\Admin\\AppData\\Local\\Temp\\auth-error-QWRzIENhbXBhaWdu-1774760340479.png)","service":"meta-auth","timestamp":"2026-03-29T04:59:00.808Z"}
{"level":"info","message":"[AUTH] safeAutoLoginOrRenew for QWRzIENhbXBhaWduIE1hbmFnZXI=","service":"meta-auth","timestamp":"2026-03-29T04:59:09.189Z"}
{"businessId":"QWRzIENhbXBhaWduIE1hbmFnZXI=","level":"info","message":"[AUTH] Tier 1.5: Attempting fast request-based token extraction.","service":"meta-auth","timestamp":"2026-03-29T04:59:09.193Z"}
{"businessId":"QWRzIENhbXBhaWduIE1hbmFnZXI=","level":"info","message":"[AUTH] Tier 2: Attempting silent cookie login.","service":"meta-auth","timestamp":"2026-03-29T04:59:09.194Z"}
{"level":"warn","message":"[AUTH] Tier 2 failed (Unexpected token 'o', \"[object Obj\"... is not valid JSON). Escalating to Tier 3.","service":"meta-auth","timestamp":"2026-03-29T04:59:09.194Z"}
{"businessId":"QWRzIENhbXBhaWduIE1hbmFnZXI=","level":"info","message":"[AUTH] Tier 3: Full Playwright login with randomized fingerprint.","service":"meta-auth","timestamp":"2026-03-29T04:59:09.194Z"}
{"level":"info","message":"[BROWSER] Using fingerprint: Win32 | 1920x1080","service":"meta-auth","timestamp":"2026-03-29T04:59:09.195Z"}
{"level":"info","message":"[AUTH] Submitting login form with reliable method...","service":"meta-auth","timestamp":"2026-03-29T04:59:20.397Z"}
{"level":"info","message":"[AUTH] Navigating to Ads Manager for token extraction...","service":"meta-auth","timestamp":"2026-03-29T04:59:28.934Z"}
{"level":"warn","message":"[TOKEN] All extraction layers failed - no token found","service":"meta-auth","timestamp":"2026-03-29T04:59:29.756Z"}
{"level":"info","message":"[AUTH] Waiting for token... attempt 1/15","service":"meta-auth","timestamp":"2026-03-29T04:59:29.757Z"}
{"level":"warn","message":"[TOKEN] All extraction layers failed - no token found","service":"meta-auth","timestamp":"2026-03-29T04:59:31.852Z"}
{"level":"info","message":"[AUTH] Waiting for token... attempt 2/15","service":"meta-auth","timestamp":"2026-03-29T04:59:31.853Z"}
{"level":"warn","message":"[TOKEN] All extraction layers failed - no token found","service":"meta-auth","timestamp":"2026-03-29T04:59:34.147Z"}
{"level":"info","message":"[AUTH] Waiting for token... attempt 3/15","service":"meta-auth","timestamp":"2026-03-29T04:59:34.147Z"}
{"level":"warn","message":"[TOKEN] All extraction layers failed - no token found","service":"meta-auth","timestamp":"2026-03-29T04:59:36.464Z"}
{"level":"info","message":"[AUTH] Waiting for token... attempt 4/15","service":"meta-auth","timestamp":"2026-03-29T04:59:36.464Z"}
{"level":"warn","message":"[TOKEN] All extraction layers failed - no token found","service":"meta-auth","timestamp":"2026-03-29T04:59:38.842Z"}
{"level":"info","message":"[AUTH] Waiting for token... attempt 5/15","service":"meta-auth","timestamp":"2026-03-29T04:59:38.842Z"}
{"level":"warn","message":"[TOKEN] All extraction layers failed - no token found","service":"meta-auth","timestamp":"2026-03-29T04:59:41.161Z"}
{"level":"info","message":"[AUTH] Waiting for token... attempt 6/15","service":"meta-auth","timestamp":"2026-03-29T04:59:41.161Z"}
{"level":"warn","message":"[TOKEN] All extraction layers failed - no token found","service":"meta-auth","timestamp":"2026-03-29T04:59:43.495Z"}
{"level":"info","message":"[AUTH] Waiting for token... attempt 7/15","service":"meta-auth","timestamp":"2026-03-29T04:59:43.496Z"}
{"level":"warn","message":"[TOKEN] All extraction layers failed - no token found","service":"meta-auth","timestamp":"2026-03-29T04:59:45.964Z"}
{"level":"info","message":"[AUTH] Waiting for token... attempt 8/15","service":"meta-auth","timestamp":"2026-03-29T04:59:45.964Z"}
{"level":"warn","message":"[TOKEN] All extraction layers failed - no token found","service":"meta-auth","timestamp":"2026-03-29T04:59:48.076Z"}
{"level":"info","message":"[AUTH] Waiting for token... attempt 9/15","service":"meta-auth","timestamp":"2026-03-29T04:59:48.076Z"}
{"level":"warn","message":"[TOKEN] All extraction layers failed - no token found","service":"meta-auth","timestamp":"2026-03-29T04:59:50.451Z"}
{"level":"info","message":"[AUTH] Waiting for token... attempt 10/15","service":"meta-auth","timestamp":"2026-03-29T04:59:50.452Z"}
{"level":"warn","message":"[TOKEN] All extraction layers failed - no token found","service":"meta-auth","timestamp":"2026-03-29T04:59:52.757Z"}
{"level":"info","message":"[AUTH] Waiting for token... attempt 11/15","service":"meta-auth","timestamp":"2026-03-29T04:59:52.758Z"}
{"level":"warn","message":"[TOKEN] All extraction layers failed - no token found","service":"meta-auth","timestamp":"2026-03-29T04:59:55.248Z"}
{"level":"info","message":"[AUTH] Waiting for token... attempt 12/15","service":"meta-auth","timestamp":"2026-03-29T04:59:55.248Z"}
{"level":"warn","message":"[TOKEN] All extraction layers failed - no token found","service":"meta-auth","timestamp":"2026-03-29T04:59:57.662Z"}
{"level":"info","message":"[AUTH] Waiting for token... attempt 13/15","service":"meta-auth","timestamp":"2026-03-29T04:59:57.663Z"}
{"level":"warn","message":"[TOKEN] All extraction layers failed - no token found","service":"meta-auth","timestamp":"2026-03-29T05:00:00.194Z"}
{"level":"info","message":"[AUTH] Waiting for token... attempt 14/15","service":"meta-auth","timestamp":"2026-03-29T05:00:00.194Z"}
{"level":"info","message":"[CRON START] Auto-renew token check started.","service":"meta-auth","timestamp":"2026-03-29T05:00:00.948Z"}
{"level":"info","message":"[CRON] Found 0 business(es) with token expiring soon.","service":"meta-auth","timestamp":"2026-03-29T05:00:00.955Z"}
{"level":"info","message":"[CRON START] Auto-renew token check started.","service":"meta-auth","timestamp":"2026-03-29T05:00:00.956Z"}
{"level":"info","message":"[CRON] Found 0 business(es) with token expiring soon.","service":"meta-auth","timestamp":"2026-03-29T05:00:00.958Z"}
{"level":"warn","message":"[TOKEN] All extraction layers failed - no token found","service":"meta-auth","timestamp":"2026-03-29T05:00:02.742Z"}
{"level":"info","message":"[AUTH] Waiting for token... attempt 15/15","service":"meta-auth","timestamp":"2026-03-29T05:00:02.743Z"}
{"level":"error","message":"[AUTH] Screenshot saved: C:\\Users\\Admin\\AppData\\Local\\Temp\\auth-error-QWRzIENhbXBhaWdu-1774760405133.png","service":"meta-auth","timestamp":"2026-03-29T05:00:05.412Z"}
{"level":"error","message":"[CRITICAL] QWRzIENhbXBhaWduIE1hbmFnZXI=: Cannot extract EAAG/EAAB token from Ads Manager page (Screenshot: C:\\Users\\Admin\\AppData\\Local\\Temp\\auth-error-QWRzIENhbXBhaWdu-1774760404874.png) (Screenshot: C:\\Users\\Admin\\AppData\\Local\\Temp\\auth-error-QWRzIENhbXBhaWdu-1774760405133.png)","phase":"safeAutoLoginOrRenew","service":"meta-auth","stack":"Error: Cannot extract EAAG/EAAB token from Ads Manager page (Screenshot: C:\\Users\\Admin\\AppData\\Local\\Temp\\auth-error-QWRzIENhbXBhaWdu-1774760404874.png) (Screenshot: C:\\Users\\Admin\\AppData\\Local\\Temp\\auth-error-QWRzIENhbXBhaWdu-1774760405133.png)\n    at performPlaywrightLogin (D:\\opclaw\\extensions\\ads-campaign-manager\\src\\meta-login.ts:754:13)\n    at Object.execute (D:\\opclaw\\extensions\\ads-campaign-manager\\src\\meta-login.ts:592:24)\n    at Object.wrappedTask [as fn] (D:\\opclaw\\extensions\\ads-campaign-manager\\src\\worker-pool.ts:35:26)","timestamp":"2026-03-29T05:00:05.485Z"}
{"level":"error","message":"[WORKER] Task auth-QWRzIENhbXBhaWduIE1hbmFnZXI= failed after 3 retries.","service":"meta-auth","timestamp":"2026-03-29T05:00:05.489Z"}
{"level":"info","message":"[TOKEN] Decoded FB HTML-encoded token: EAAGNO4a7r2w... (200 → 187 chars)","service":"meta-auth","timestamp":"2026-03-29T05:02:10.599Z"}
{"level":"warn","message":"[TOKEN] Validation FAILED: Malformed access token EAAGNO4a7r2wBRAXXNXHOgqeohJI7t/pj94rot3qWNJiRnkpPCES/0Qu5asGJ8jBhc1TL7Up DzdHRWRc8M5xxnL=KjwpIzUOAmC=Nx4K06C3GveKu5cqXxxmRV8Rdlk1qbHxg8JUVqyX4m3DDT/qMu5eB=zXpsMErjTMI=6eQitOWDcwEy2 xtDxLw (code=190)","service":"meta-auth","timestamp":"2026-03-29T05:02:10.881Z"}
{"level":"info","message":"[TOKEN] Decoded FB HTML-encoded token: EAAGNO4a7r2w... (203 → 187 chars)","service":"meta-auth","timestamp":"2026-03-29T05:02:46.836Z"}
{"level":"warn","message":"[TOKEN] Validation FAILED: Malformed access token [REDACTED_TOKEN]/7e6NuTVfsRRuEc0zEOWpOe2efvOX=c xtrLd7mt/3LvVbud149 cFcWpUh4XwpgO4CnsA7DeTD=z NHuQeVMfd=9P=0Jxey27nJP2Y  A5DFqO8TCoyADCLeIkoCx0OQUbkRmoN=jAKGJWg (code=190)","service":"meta-auth","timestamp":"2026-03-29T05:02:47.112Z"}
{"level":"info","message":"[TOKEN] Decoded FB HTML-encoded token: EAAWjXAlWN4Q... (291 → 279 chars)","service":"meta-auth","timestamp":"2026-03-29T05:29:41.829Z"}
{"level":"warn","message":"[TOKEN] Validation FAILED: Malformed access token EAAWjXAlWN4QBRKujJYCnGDDuo VdcYa2yjd7ylyh6UMLO9 HLUpzYkppdF1TQt5ekC5Fd1X0SGUlf8DNl2RaEAGmgY6y9xkUpiD688CTfFdHyONuonwBcHB9ESM 6AAd0AuuUNgRMV75tEUQXA8PE2i6tlpP6zy y7mod/lkhJgNSLJm3SpQt7NmuitjkAYnwP0dhy=Bzv7QDMVyxd8 hEMtDu7hcJj4uhFOikPnwmLMeJBvTjzk603UsME=zzqX3UItbx05V5UTvmoOVPnEpQ (code=190)","service":"meta-auth","timestamp":"2026-03-29T05:29:42.100Z"}
{"level":"info","message":"[CRON] Initializing Meta Token Renewal Cron Job (every 12 hours).","service":"meta-auth","timestamp":"2026-03-29T06:09:15.549Z"}
{"level":"info","message":"[CRON] Initializing Meta Token Renewal Cron Job (every 12 hours).","service":"meta-auth","timestamp":"2026-03-29T06:09:29.299Z"}
{"level":"info","message":"[TOKEN] Decoded FB HTML-encoded token: EAAWjXAlWN4Q... (291 → 279 chars)","service":"meta-auth","timestamp":"2026-03-29T06:10:53.155Z"}
{"level":"warn","message":"[TOKEN] Validation FAILED: Malformed access token EAAWjXAlWN4QBRKujJYCnGDDuo VdcYa2yjd7ylyh6UMLO9 HLUpzYkppdF1TQt5ekC5Fd1X0SGUlf8DNl2RaEAGmgY6y9xkUpiD688CTfFdHyONuonwBcHB9ESM 6AAd0AuuUNgRMV75tEUQXA8PE2i6tlpP6zy y7mod/lkhJgNSLJm3SpQt7NmuitjkAYnwP0dhy=Bzv7QDMVyxd8 hEMtDu7hcJj4uhFOikPnwmLMeJBvTjzk603UsME=zzqX3UItbx05V5UTvmoOVPnEpQ (code=190)","service":"meta-auth","timestamp":"2026-03-29T06:10:53.429Z"}
{"level":"info","message":"[CRON] Initializing Meta Token Renewal Cron Job (every 12 hours).","service":"meta-auth","timestamp":"2026-03-29T07:38:06.344Z"}
{"level":"info","message":"[CRON] Initializing Meta Token Renewal Cron Job (every 12 hours).","service":"meta-auth","timestamp":"2026-03-31T12:46:40.277Z"}
{"level":"info","message":"[CRON] Initializing Meta Token Renewal Cron Job (every 12 hours).","service":"meta-auth","timestamp":"2026-03-31T12:59:55.679Z"}
{"level":"info","message":"[CRON] Initializing Meta Token Renewal Cron Job (every 12 hours).","service":"meta-auth","timestamp":"2026-03-31T13:14:45.330Z"}
{"level":"info","message":"[CRON] Initializing Meta Token Renewal Cron Job (every 12 hours).","service":"meta-auth","timestamp":"2026-03-31T13:19:46.103Z"}
{"level":"info","message":"[CRON] Initializing Meta Token Renewal Cron Job (every 12 hours).","service":"meta-auth","timestamp":"2026-03-31T13:29:17.507Z"}
{"level":"info","message":"[CRON] Initializing Meta Token Renewal Cron Job (every 12 hours).","service":"meta-auth","timestamp":"2026-03-31T13:37:24.174Z"}
{"level":"info","message":"[CRON] Initializing Meta Token Renewal Cron Job (every 12 hours).","service":"meta-auth","timestamp":"2026-03-31T13:44:47.171Z"}
{"level":"info","message":"[CRON] Initializing Meta Token Renewal Cron Job (every 12 hours).","service":"meta-auth","timestamp":"2026-03-31T13:44:50.293Z"}
{"level":"info","message":"[PROFILE-OPS] Starting post for QWRzIENhbXBhaWduIE1hbmFnZXI=: \"Hôm nay tôi dùng Bot xịn quá!...\"","service":"meta-auth","timestamp":"2026-03-31T13:45:53.601Z"}
{"level":"info","message":"[CRON] Initializing Meta Token Renewal Cron Job (every 12 hours).","service":"meta-auth","timestamp":"2026-03-31T13:45:56.930Z"}
{"level":"info","message":"[CRON] Initializing Meta Token Renewal Cron Job (every 12 hours).","service":"meta-auth","timestamp":"2026-03-31T14:02:08.576Z"}
{"level":"info","message":"[CRON] Initializing Meta Token Renewal Cron Job (every 12 hours).","service":"meta-auth","timestamp":"2026-03-31T14:02:32.840Z"}
{"level":"info","message":"[TOKEN] Validation OK: id=1080451925143988 name=ClawPage","service":"meta-auth","timestamp":"2026-03-31T14:08:02.894Z"}
{"level":"info","message":"[CRON] Initializing Meta Token Renewal Cron Job (every 12 hours).","service":"meta-auth","timestamp":"2026-03-31T15:35:37.615Z"}
{"level":"info","message":"[CRON] Initializing Meta Token Renewal Cron Job (every 12 hours).","service":"meta-auth","timestamp":"2026-03-31T15:36:15.134Z"}
{"level":"info","message":"[TOKEN] Validation OK: id=1601981364285173 name=LÊ PHÁP","service":"meta-auth","timestamp":"2026-03-31T15:37:13.910Z"}
{"level":"info","message":"[CRON] Initializing Meta Token Renewal Cron Job (every 12 hours).","service":"meta-auth","timestamp":"2026-04-01T02:14:06.419Z"}
{"level":"info","message":"[CRON] Initializing Meta Token Renewal Cron Job (every 12 hours).","service":"meta-auth","timestamp":"2026-04-01T02:14:08.046Z"}
{"level":"info","message":"[CRON] Initializing Meta Token Renewal Cron Job (every 12 hours).","service":"meta-auth","timestamp":"2026-04-01T02:59:35.204Z"}
{"level":"info","message":"[CRON] Initializing Meta Token Renewal Cron Job (every 12 hours).","service":"meta-auth","timestamp":"2026-04-01T03:02:11.146Z"}
{"level":"info","message":"[CRON] Initializing Meta Token Renewal Cron Job (every 12 hours).","service":"meta-auth","timestamp":"2026-04-01T04:26:50.796Z"}
{"level":"info","message":"[CRON] Initializing Meta Token Renewal Cron Job (every 12 hours).","service":"meta-auth","timestamp":"2026-04-01T04:27:08.552Z"}
{"level":"info","message":"[CRON START] Auto-renew token check started.","service":"meta-auth","timestamp":"2026-04-01T05:00:00.458Z"}
{"level":"info","message":"[CRON START] Auto-renew token check started.","service":"meta-auth","timestamp":"2026-04-01T05:00:00.460Z"}
{"level":"info","message":"[CRON] Found 0 business(es) with token expiring soon.","service":"meta-auth","timestamp":"2026-04-01T05:00:00.471Z"}
{"level":"info","message":"[CRON] Found 0 business(es) with token expiring soon.","service":"meta-auth","timestamp":"2026-04-01T05:00:00.479Z"}
{"level":"info","message":"[CRON] Initializing Meta Token Renewal Cron Job (every 12 hours).","service":"meta-auth","timestamp":"2026-04-01T10:04:31.610Z"}
{"level":"info","message":"[CRON] Initializing Meta Token Renewal Cron Job (every 12 hours).","service":"meta-auth","timestamp":"2026-04-01T10:04:33.240Z"}
{"level":"info","message":"[CRON] Initializing Meta Token Renewal Cron Job (every 12 hours).","service":"meta-auth","timestamp":"2026-04-01T10:50:04.366Z"}
{"level":"info","message":"[CRON] Initializing Meta Token Renewal Cron Job (every 12 hours).","service":"meta-auth","timestamp":"2026-04-01T10:51:14.803Z"}
{"level":"warn","message":"[DB] Database disabled or pool unavailable — query skipped: INSERT INTO business_config (id, owner_name, business_name, primary_objective, c","service":"meta-auth","timestamp":"2026-04-01T10:53:09.483Z"}
{"level":"warn","message":"[DB] Database disabled or pool unavailable — query skipped: SHOW COLUMNS FROM business_config LIKE 'meta_access_token'","service":"meta-auth","timestamp":"2026-04-01T10:53:09.487Z"}
{"level":"warn","message":"[DB] Database disabled or pool unavailable — query skipped: ALTER TABLE business_config ADD COLUMN meta_access_token TEXT, ADD COLUMN meta_a","service":"meta-auth","timestamp":"2026-04-01T10:53:09.488Z"}
{"level":"warn","message":"[DB] Database disabled or pool unavailable — query skipped: SELECT fb_email, access_token, success_count, fail_count, last_error, last_login","service":"meta-auth","timestamp":"2026-04-01T10:53:09.488Z"}
{"level":"warn","message":"[DB] Database disabled or pool unavailable — query skipped: INSERT INTO business_config (id, owner_name, business_name, primary_objective, c","service":"meta-auth","timestamp":"2026-04-01T10:53:09.489Z"}
{"level":"warn","message":"[DB] Database disabled or pool unavailable — query skipped: SHOW COLUMNS FROM business_config LIKE 'meta_access_token'","service":"meta-auth","timestamp":"2026-04-01T10:53:09.489Z"}
{"level":"warn","message":"[DB] Database disabled or pool unavailable — query skipped: ALTER TABLE business_config ADD COLUMN meta_access_token TEXT, ADD COLUMN meta_a","service":"meta-auth","timestamp":"2026-04-01T10:53:09.490Z"}
{"level":"warn","message":"[DB] Database disabled or pool unavailable — query skipped: SELECT * FROM user_facebook_pages WHERE business_id = ?","service":"meta-auth","timestamp":"2026-04-01T10:53:09.490Z"}
{"level":"warn","message":"[DB] Database disabled or pool unavailable — query skipped: INSERT INTO business_config (id, owner_name, business_name, primary_objective, c","service":"meta-auth","timestamp":"2026-04-01T10:53:09.521Z"}
{"level":"warn","message":"[DB] Database disabled or pool unavailable — query skipped: SHOW COLUMNS FROM business_config LIKE 'meta_access_token'","service":"meta-auth","timestamp":"2026-04-01T10:53:09.521Z"}
{"level":"warn","message":"[DB] Database disabled or pool unavailable — query skipped: ALTER TABLE business_config ADD COLUMN meta_access_token TEXT, ADD COLUMN meta_a","service":"meta-auth","timestamp":"2026-04-01T10:53:09.522Z"}
{"level":"warn","message":"[DB] Database disabled or pool unavailable — query skipped: SELECT fb_email, access_token, success_count, fail_count, last_error, last_login","service":"meta-auth","timestamp":"2026-04-01T10:53:09.522Z"}
{"level":"warn","message":"[DB] Database disabled or pool unavailable — query skipped: INSERT INTO business_config (id, owner_name, business_name, primary_objective, c","service":"meta-auth","timestamp":"2026-04-01T10:53:09.522Z"}
{"level":"warn","message":"[DB] Database disabled or pool unavailable — query skipped: SHOW COLUMNS FROM business_config LIKE 'meta_access_token'","service":"meta-auth","timestamp":"2026-04-01T10:53:09.523Z"}
{"level":"warn","message":"[DB] Database disabled or pool unavailable — query skipped: ALTER TABLE business_config ADD COLUMN meta_access_token TEXT, ADD COLUMN meta_a","service":"meta-auth","timestamp":"2026-04-01T10:53:09.523Z"}
{"level":"warn","message":"[DB] Database disabled or pool unavailable — query skipped: SELECT * FROM user_facebook_pages WHERE business_id = ?","service":"meta-auth","timestamp":"2026-04-01T10:53:09.523Z"}
{"level":"warn","message":"[DB] Database disabled or pool unavailable — query skipped: INSERT INTO business_config (id, owner_name, business_name, primary_objective, c","service":"meta-auth","timestamp":"2026-04-01T10:53:09.546Z"}
{"level":"warn","message":"[DB] Database disabled or pool unavailable — query skipped: SHOW COLUMNS FROM business_config LIKE 'meta_access_token'","service":"meta-auth","timestamp":"2026-04-01T10:53:09.546Z"}
{"level":"warn","message":"[DB] Database disabled or pool unavailable — query skipped: ALTER TABLE business_config ADD COLUMN meta_access_token TEXT, ADD COLUMN meta_a","service":"meta-auth","timestamp":"2026-04-01T10:53:09.546Z"}
{"level":"warn","message":"[DB] Database disabled or pool unavailable — query skipped: SELECT fb_email, access_token, success_count, fail_count, last_error, last_login","service":"meta-auth","timestamp":"2026-04-01T10:53:09.546Z"}
{"level":"warn","message":"[DB] Database disabled or pool unavailable — query skipped: INSERT INTO business_config (id, owner_name, business_name, primary_objective, c","service":"meta-auth","timestamp":"2026-04-01T10:53:09.547Z"}
{"level":"warn","message":"[DB] Database disabled or pool unavailable — query skipped: SHOW COLUMNS FROM business_config LIKE 'meta_access_token'","service":"meta-auth","timestamp":"2026-04-01T10:53:09.547Z"}
{"level":"warn","message":"[DB] Database disabled or pool unavailable — query skipped: ALTER TABLE business_config ADD COLUMN meta_access_token TEXT, ADD COLUMN meta_a","service":"meta-auth","timestamp":"2026-04-01T10:53:09.547Z"}
{"level":"warn","message":"[DB] Database disabled or pool unavailable — query skipped: SELECT * FROM user_facebook_pages WHERE business_id = ?","service":"meta-auth","timestamp":"2026-04-01T10:53:09.547Z"}
{"level":"info","message":"[PIXEL_HEALTH_CHECKER] Quét trạng thái tracking cho camp: cmp_scale_hcm","service":"meta-auth","timestamp":"2026-04-01T10:53:09.550Z"}
{"level":"warn","message":"[DB] Database disabled or pool unavailable — query skipped: INSERT INTO business_config (id, owner_name, business_name, primary_objective, c","service":"meta-auth","timestamp":"2026-04-01T10:53:09.575Z"}
{"level":"warn","message":"[DB] Database disabled or pool unavailable — query skipped: SHOW COLUMNS FROM business_config LIKE 'meta_access_token'","service":"meta-auth","timestamp":"2026-04-01T10:53:09.576Z"}
{"level":"warn","message":"[DB] Database disabled or pool unavailable — query skipped: ALTER TABLE business_config ADD COLUMN meta_access_token TEXT, ADD COLUMN meta_a","service":"meta-auth","timestamp":"2026-04-01T10:53:09.576Z"}
{"level":"warn","message":"[DB] Database disabled or pool unavailable — query skipped: SELECT fb_email, access_token, success_count, fail_count, last_error, last_login","service":"meta-auth","timestamp":"2026-04-01T10:53:09.576Z"}
{"level":"warn","message":"[DB] Database disabled or pool unavailable — query skipped: INSERT INTO business_config (id, owner_name, business_name, primary_objective, c","service":"meta-auth","timestamp":"2026-04-01T10:53:09.576Z"}
{"level":"warn","message":"[DB] Database disabled or pool unavailable — query skipped: SHOW COLUMNS FROM business_config LIKE 'meta_access_token'","service":"meta-auth","timestamp":"2026-04-01T10:53:09.577Z"}
{"level":"warn","message":"[DB] Database disabled or pool unavailable — query skipped: ALTER TABLE business_config ADD COLUMN meta_access_token TEXT, ADD COLUMN meta_a","service":"meta-auth","timestamp":"2026-04-01T10:53:09.577Z"}
{"level":"warn","message":"[DB] Database disabled or pool unavailable — query skipped: SELECT * FROM user_facebook_pages WHERE business_id = ?","service":"meta-auth","timestamp":"2026-04-01T10:53:09.577Z"}
{"level":"warn","message":"[DB] Database disabled or pool unavailable — query skipped: INSERT INTO business_config (id, owner_name, business_name, primary_objective, c","service":"meta-auth","timestamp":"2026-04-01T10:53:09.599Z"}
{"level":"warn","message":"[DB] Database disabled or pool unavailable — query skipped: SHOW COLUMNS FROM business_config LIKE 'meta_access_token'","service":"meta-auth","timestamp":"2026-04-01T10:53:09.599Z"}
{"level":"warn","message":"[DB] Database disabled or pool unavailable — query skipped: ALTER TABLE business_config ADD COLUMN meta_access_token TEXT, ADD COLUMN meta_a","service":"meta-auth","timestamp":"2026-04-01T10:53:09.599Z"}
{"level":"warn","message":"[DB] Database disabled or pool unavailable — query skipped: SELECT fb_email, access_token, success_count, fail_count, last_error, last_login","service":"meta-auth","timestamp":"2026-04-01T10:53:09.599Z"}
{"level":"warn","message":"[DB] Database disabled or pool unavailable — query skipped: INSERT INTO business_config (id, owner_name, business_name, primary_objective, c","service":"meta-auth","timestamp":"2026-04-01T10:53:09.600Z"}
{"level":"warn","message":"[DB] Database disabled or pool unavailable — query skipped: SHOW COLUMNS FROM business_config LIKE 'meta_access_token'","service":"meta-auth","timestamp":"2026-04-01T10:53:09.600Z"}
{"level":"warn","message":"[DB] Database disabled or pool unavailable — query skipped: ALTER TABLE business_config ADD COLUMN meta_access_token TEXT, ADD COLUMN meta_a","service":"meta-auth","timestamp":"2026-04-01T10:53:09.600Z"}
{"level":"warn","message":"[DB] Database disabled or pool unavailable — query skipped: SELECT * FROM user_facebook_pages WHERE business_id = ?","service":"meta-auth","timestamp":"2026-04-01T10:53:09.600Z"}
{"level":"warn","message":"[DB] Database disabled or pool unavailable — query skipped: INSERT INTO business_config (id, owner_name, business_name, primary_objective, c","service":"meta-auth","timestamp":"2026-04-01T10:53:09.620Z"}
{"level":"warn","message":"[DB] Database disabled or pool unavailable — query skipped: SHOW COLUMNS FROM business_config LIKE 'meta_access_token'","service":"meta-auth","timestamp":"2026-04-01T10:53:09.620Z"}
{"level":"warn","message":"[DB] Database disabled or pool unavailable — query skipped: ALTER TABLE business_config ADD COLUMN meta_access_token TEXT, ADD COLUMN meta_a","service":"meta-auth","timestamp":"2026-04-01T10:53:09.620Z"}
{"level":"warn","message":"[DB] Database disabled or pool unavailable — query skipped: SELECT fb_email, access_token, success_count, fail_count, last_error, last_login","service":"meta-auth","timestamp":"2026-04-01T10:53:09.620Z"}
{"level":"warn","message":"[DB] Database disabled or pool unavailable — query skipped: INSERT INTO business_config (id, owner_name, business_name, primary_objective, c","service":"meta-auth","timestamp":"2026-04-01T10:53:09.620Z"}
{"level":"warn","message":"[DB] Database disabled or pool unavailable — query skipped: SHOW COLUMNS FROM business_config LIKE 'meta_access_token'","service":"meta-auth","timestamp":"2026-04-01T10:53:09.621Z"}
{"level":"warn","message":"[DB] Database disabled or pool unavailable — query skipped: ALTER TABLE business_config ADD COLUMN meta_access_token TEXT, ADD COLUMN meta_a","service":"meta-auth","timestamp":"2026-04-01T10:53:09.621Z"}
{"level":"warn","message":"[DB] Database disabled or pool unavailable — query skipped: SELECT * FROM user_facebook_pages WHERE business_id = ?","service":"meta-auth","timestamp":"2026-04-01T10:53:09.621Z"}
{"level":"warn","message":"[DB] Database disabled or pool unavailable — query skipped: INSERT INTO business_config (id, owner_name, business_name, primary_objective, c","service":"meta-auth","timestamp":"2026-04-01T10:53:09.639Z"}
{"level":"warn","message":"[DB] Database disabled or pool unavailable — query skipped: SHOW COLUMNS FROM business_config LIKE 'meta_access_token'","service":"meta-auth","timestamp":"2026-04-01T10:53:09.640Z"}
{"level":"warn","message":"[DB] Database disabled or pool unavailable — query skipped: ALTER TABLE business_config ADD COLUMN meta_access_token TEXT, ADD COLUMN meta_a","service":"meta-auth","timestamp":"2026-04-01T10:53:09.640Z"}
{"level":"warn","message":"[DB] Database disabled or pool unavailable — query skipped: SELECT fb_email, access_token, success_count, fail_count, last_error, last_login","service":"meta-auth","timestamp":"2026-04-01T10:53:09.641Z"}
{"level":"warn","message":"[DB] Database disabled or pool unavailable — query skipped: INSERT INTO business_config (id, owner_name, business_name, primary_objective, c","service":"meta-auth","timestamp":"2026-04-01T10:53:09.642Z"}
{"level":"warn","message":"[DB] Database disabled or pool unavailable — query skipped: SHOW COLUMNS FROM business_config LIKE 'meta_access_token'","service":"meta-auth","timestamp":"2026-04-01T10:53:09.642Z"}
{"level":"warn","message":"[DB] Database disabled or pool unavailable — query skipped: ALTER TABLE business_config ADD COLUMN meta_access_token TEXT, ADD COLUMN meta_a","service":"meta-auth","timestamp":"2026-04-01T10:53:09.643Z"}
{"level":"warn","message":"[DB] Database disabled or pool unavailable — query skipped: SELECT * FROM user_facebook_pages WHERE business_id = ?","service":"meta-auth","timestamp":"2026-04-01T10:53:09.643Z"}
{"level":"warn","message":"[DB] Database disabled or pool unavailable — query skipped: INSERT INTO business_config (id, owner_name, business_name, primary_objective, c","service":"meta-auth","timestamp":"2026-04-01T10:53:09.671Z"}
{"level":"warn","message":"[DB] Database disabled or pool unavailable — query skipped: SHOW COLUMNS FROM business_config LIKE 'meta_access_token'","service":"meta-auth","timestamp":"2026-04-01T10:53:09.671Z"}
{"level":"warn","message":"[DB] Database disabled or pool unavailable — query skipped: ALTER TABLE business_config ADD COLUMN meta_access_token TEXT, ADD COLUMN meta_a","service":"meta-auth","timestamp":"2026-04-01T10:53:09.671Z"}
{"level":"warn","message":"[DB] Database disabled or pool unavailable — query skipped: SELECT fb_email, access_token, success_count, fail_count, last_error, last_login","service":"meta-auth","timestamp":"2026-04-01T10:53:09.672Z"}
{"level":"warn","message":"[DB] Database disabled or pool unavailable — query skipped: INSERT INTO business_config (id, owner_name, business_name, primary_objective, c","service":"meta-auth","timestamp":"2026-04-01T10:53:09.672Z"}
{"level":"warn","message":"[DB] Database disabled or pool unavailable — query skipped: SHOW COLUMNS FROM business_config LIKE 'meta_access_token'","service":"meta-auth","timestamp":"2026-04-01T10:53:09.672Z"}
{"level":"warn","message":"[DB] Database disabled or pool unavailable — query skipped: ALTER TABLE business_config ADD COLUMN meta_access_token TEXT, ADD COLUMN meta_a","service":"meta-auth","timestamp":"2026-04-01T10:53:09.672Z"}
{"level":"warn","message":"[DB] Database disabled or pool unavailable — query skipped: SELECT * FROM user_facebook_pages WHERE business_id = ?","service":"meta-auth","timestamp":"2026-04-01T10:53:09.673Z"}
{"level":"warn","message":"[DB] Database disabled or pool unavailable — query skipped: INSERT INTO business_config (id, owner_name, business_name, primary_objective, c","service":"meta-auth","timestamp":"2026-04-01T10:53:09.690Z"}
{"level":"warn","message":"[DB] Database disabled or pool unavailable — query skipped: SHOW COLUMNS FROM business_config LIKE 'meta_access_token'","service":"meta-auth","timestamp":"2026-04-01T10:53:09.691Z"}
{"level":"warn","message":"[DB] Database disabled or pool unavailable — query skipped: ALTER TABLE business_config ADD COLUMN meta_access_token TEXT, ADD COLUMN meta_a","service":"meta-auth","timestamp":"2026-04-01T10:53:09.691Z"}
{"level":"warn","message":"[DB] Database disabled or pool unavailable — query skipped: SELECT fb_email, access_token, success_count, fail_count, last_error, last_login","service":"meta-auth","timestamp":"2026-04-01T10:53:09.691Z"}
{"level":"warn","message":"[DB] Database disabled or pool unavailable — query skipped: INSERT INTO business_config (id, owner_name, business_name, primary_objective, c","service":"meta-auth","timestamp":"2026-04-01T10:53:09.691Z"}
{"level":"warn","message":"[DB] Database disabled or pool unavailable — query skipped: SHOW COLUMNS FROM business_config LIKE 'meta_access_token'","service":"meta-auth","timestamp":"2026-04-01T10:53:09.691Z"}
{"level":"warn","message":"[DB] Database disabled or pool unavailable — query skipped: ALTER TABLE business_config ADD COLUMN meta_access_token TEXT, ADD COLUMN meta_a","service":"meta-auth","timestamp":"2026-04-01T10:53:09.692Z"}
{"level":"warn","message":"[DB] Database disabled or pool unavailable — query skipped: SELECT * FROM user_facebook_pages WHERE business_id = ?","service":"meta-auth","timestamp":"2026-04-01T10:53:09.692Z"}
{"level":"info","message":"[CRON] Initializing Meta Token Renewal Cron Job (every 12 hours).","service":"meta-auth","timestamp":"2026-04-01T10:53:11.063Z"}
{"level":"warn","message":"[DB] Database disabled or pool unavailable — query skipped: INSERT INTO business_config (id, owner_name, business_name, primary_objective, c","service":"meta-auth","timestamp":"2026-04-01T10:53:38.333Z"}
{"level":"warn","message":"[DB] Database disabled or pool unavailable — query skipped: SHOW COLUMNS FROM business_config LIKE 'meta_access_token'","service":"meta-auth","timestamp":"2026-04-01T10:53:38.342Z"}
{"level":"warn","message":"[DB] Database disabled or pool unavailable — query skipped: ALTER TABLE business_config ADD COLUMN meta_access_token TEXT, ADD COLUMN meta_a","service":"meta-auth","timestamp":"2026-04-01T10:53:38.343Z"}
{"level":"warn","message":"[DB] Database disabled or pool unavailable — query skipped: SELECT fb_email, access_token, success_count, fail_count, last_error, last_login","service":"meta-auth","timestamp":"2026-04-01T10:53:38.343Z"}
{"level":"warn","message":"[DB] Database disabled or pool unavailable — query skipped: INSERT INTO business_config (id, owner_name, business_name, primary_objective, c","service":"meta-auth","timestamp":"2026-04-01T10:53:38.344Z"}
{"level":"warn","message":"[DB] Database disabled or pool unavailable — query skipped: SHOW COLUMNS FROM business_config LIKE 'meta_access_token'","service":"meta-auth","timestamp":"2026-04-01T10:53:38.344Z"}
{"level":"warn","message":"[DB] Database disabled or pool unavailable — query skipped: ALTER TABLE business_config ADD COLUMN meta_access_token TEXT, ADD COLUMN meta_a","service":"meta-auth","timestamp":"2026-04-01T10:53:38.345Z"}
{"level":"warn","message":"[DB] Database disabled or pool unavailable — query skipped: SELECT * FROM user_facebook_pages WHERE business_id = ?","service":"meta-auth","timestamp":"2026-04-01T10:53:38.345Z"}
{"level":"warn","message":"[DB] Database disabled or pool unavailable — query skipped: INSERT INTO business_config (id, owner_name, business_name, primary_objective, c","service":"meta-auth","timestamp":"2026-04-01T10:53:38.377Z"}
{"level":"warn","message":"[DB] Database disabled or pool unavailable — query skipped: SHOW COLUMNS FROM business_config LIKE 'meta_access_token'","service":"meta-auth","timestamp":"2026-04-01T10:53:38.377Z"}
{"level":"warn","message":"[DB] Database disabled or pool unavailable — query skipped: ALTER TABLE business_config ADD COLUMN meta_access_token TEXT, ADD COLUMN meta_a","service":"meta-auth","timestamp":"2026-04-01T10:53:38.378Z"}
{"level":"warn","message":"[DB] Database disabled or pool unavailable — query skipped: SELECT fb_email, access_token, success_count, fail_count, last_error, last_login","service":"meta-auth","timestamp":"2026-04-01T10:53:38.378Z"}
{"level":"warn","message":"[DB] Database disabled or pool unavailable — query skipped: INSERT INTO business_config (id, owner_name, business_name, primary_objective, c","service":"meta-auth","timestamp":"2026-04-01T10:53:38.378Z"}
{"level":"warn","message":"[DB] Database disabled or pool unavailable — query skipped: SHOW COLUMNS FROM business_config LIKE 'meta_access_token'","service":"meta-auth","timestamp":"2026-04-01T10:53:38.379Z"}
{"level":"warn","message":"[DB] Database disabled or pool unavailable — query skipped: ALTER TABLE business_config ADD COLUMN meta_access_token TEXT, ADD COLUMN meta_a","service":"meta-auth","timestamp":"2026-04-01T10:53:38.379Z"}
{"level":"warn","message":"[DB] Database disabled or pool unavailable — query skipped: SELECT * FROM user_facebook_pages WHERE business_id = ?","service":"meta-auth","timestamp":"2026-04-01T10:53:38.379Z"}
{"level":"warn","message":"[DB] Database disabled or pool unavailable — query skipped: INSERT INTO business_config (id, owner_name, business_name, primary_objective, c","service":"meta-auth","timestamp":"2026-04-01T10:53:38.400Z"}
{"level":"warn","message":"[DB] Database disabled or pool unavailable — query skipped: SHOW COLUMNS FROM business_config LIKE 'meta_access_token'","service":"meta-auth","timestamp":"2026-04-01T10:53:38.400Z"}
{"level":"warn","message":"[DB] Database disabled or pool unavailable — query skipped: ALTER TABLE business_config ADD COLUMN meta_access_token TEXT, ADD COLUMN meta_a","service":"meta-auth","timestamp":"2026-04-01T10:53:38.401Z"}
{"level":"warn","message":"[DB] Database disabled or pool unavailable — query skipped: SELECT fb_email, access_token, success_count, fail_count, last_error, last_login","service":"meta-auth","timestamp":"2026-04-01T10:53:38.401Z"}
{"level":"warn","message":"[DB] Database disabled or pool unavailable — query skipped: INSERT INTO business_config (id, owner_name, business_name, primary_objective, c","service":"meta-auth","timestamp":"2026-04-01T10:53:38.401Z"}
{"level":"warn","message":"[DB] Database disabled or pool unavailable — query skipped: SHOW COLUMNS FROM business_config LIKE 'meta_access_token'","service":"meta-auth","timestamp":"2026-04-01T10:53:38.401Z"}
{"level":"warn","message":"[DB] Database disabled or pool unavailable — query skipped: ALTER TABLE business_config ADD COLUMN meta_access_token TEXT, ADD COLUMN meta_a","service":"meta-auth","timestamp":"2026-04-01T10:53:38.402Z"}
{"level":"warn","message":"[DB] Database disabled or pool unavailable — query skipped: SELECT * FROM user_facebook_pages WHERE business_id = ?","service":"meta-auth","timestamp":"2026-04-01T10:53:38.402Z"}
{"level":"info","message":"[PIXEL_HEALTH_CHECKER] Quét trạng thái tracking cho camp: cmp_scale_hcm","service":"meta-auth","timestamp":"2026-04-01T10:53:38.405Z"}
{"level":"warn","message":"[DB] Database disabled or pool unavailable — query skipped: INSERT INTO business_config (id, owner_name, business_name, primary_objective, c","service":"meta-auth","timestamp":"2026-04-01T10:53:38.438Z"}
{"level":"warn","message":"[DB] Database disabled or pool unavailable — query skipped: SHOW COLUMNS FROM business_config LIKE 'meta_access_token'","service":"meta-auth","timestamp":"2026-04-01T10:53:38.438Z"}
{"level":"warn","message":"[DB] Database disabled or pool unavailable — query skipped: ALTER TABLE business_config ADD COLUMN meta_access_token TEXT, ADD COLUMN meta_a","service":"meta-auth","timestamp":"2026-04-01T10:53:38.438Z"}
{"level":"warn","message":"[DB] Database disabled or pool unavailable — query skipped: SELECT fb_email, access_token, success_count, fail_count, last_error, last_login","service":"meta-auth","timestamp":"2026-04-01T10:53:38.439Z"}
{"level":"warn","message":"[DB] Database disabled or pool unavailable — query skipped: INSERT INTO business_config (id, owner_name, business_name, primary_objective, c","service":"meta-auth","timestamp":"2026-04-01T10:53:38.439Z"}
{"level":"warn","message":"[DB] Database disabled or pool unavailable — query skipped: SHOW COLUMNS FROM business_config LIKE 'meta_access_token'","service":"meta-auth","timestamp":"2026-04-01T10:53:38.439Z"}
{"level":"warn","message":"[DB] Database disabled or pool unavailable — query skipped: ALTER TABLE business_config ADD COLUMN meta_access_token TEXT, ADD COLUMN meta_a","service":"meta-auth","timestamp":"2026-04-01T10:53:38.439Z"}
{"level":"warn","message":"[DB] Database disabled or pool unavailable — query skipped: SELECT * FROM user_facebook_pages WHERE business_id = ?","service":"meta-auth","timestamp":"2026-04-01T10:53:38.439Z"}
{"level":"warn","message":"[DB] Database disabled or pool unavailable — query skipped: INSERT INTO business_config (id, owner_name, business_name, primary_objective, c","service":"meta-auth","timestamp":"2026-04-01T10:53:38.461Z"}
{"level":"warn","message":"[DB] Database disabled or pool unavailable — query skipped: SHOW COLUMNS FROM business_config LIKE 'meta_access_token'","service":"meta-auth","timestamp":"2026-04-01T10:53:38.462Z"}
{"level":"warn","message":"[DB] Database disabled or pool unavailable — query skipped: ALTER TABLE business_config ADD COLUMN meta_access_token TEXT, ADD COLUMN meta_a","service":"meta-auth","timestamp":"2026-04-01T10:53:38.462Z"}
{"level":"warn","message":"[DB] Database disabled or pool unavailable — query skipped: SELECT fb_email, access_token, success_count, fail_count, last_error, last_login","service":"meta-auth","timestamp":"2026-04-01T10:53:38.462Z"}
{"level":"warn","message":"[DB] Database disabled or pool unavailable — query skipped: INSERT INTO business_config (id, owner_name, business_name, primary_objective, c","service":"meta-auth","timestamp":"2026-04-01T10:53:38.462Z"}
{"level":"warn","message":"[DB] Database disabled or pool unavailable — query skipped: SHOW COLUMNS FROM business_config LIKE 'meta_access_token'","service":"meta-auth","timestamp":"2026-04-01T10:53:38.463Z"}
{"level":"warn","message":"[DB] Database disabled or pool unavailable — query skipped: ALTER TABLE business_config ADD COLUMN meta_access_token TEXT, ADD COLUMN meta_a","service":"meta-auth","timestamp":"2026-04-01T10:53:38.463Z"}
{"level":"warn","message":"[DB] Database disabled or pool unavailable — query skipped: SELECT * FROM user_facebook_pages WHERE business_id = ?","service":"meta-auth","timestamp":"2026-04-01T10:53:38.463Z"}
{"level":"warn","message":"[DB] Database disabled or pool unavailable — query skipped: INSERT INTO business_config (id, owner_name, business_name, primary_objective, c","service":"meta-auth","timestamp":"2026-04-01T10:53:38.479Z"}
{"level":"warn","message":"[DB] Database disabled or pool unavailable — query skipped: SHOW COLUMNS FROM business_config LIKE 'meta_access_token'","service":"meta-auth","timestamp":"2026-04-01T10:53:38.480Z"}
{"level":"warn","message":"[DB] Database disabled or pool unavailable — query skipped: ALTER TABLE business_config ADD COLUMN meta_access_token TEXT, ADD COLUMN meta_a","service":"meta-auth","timestamp":"2026-04-01T10:53:38.480Z"}
{"level":"warn","message":"[DB] Database disabled or pool unavailable — query skipped: SELECT fb_email, access_token, success_count, fail_count, last_error, last_login","service":"meta-auth","timestamp":"2026-04-01T10:53:38.480Z"}
{"level":"warn","message":"[DB] Database disabled or pool unavailable — query skipped: INSERT INTO business_config (id, owner_name, business_name, primary_objective, c","service":"meta-auth","timestamp":"2026-04-01T10:53:38.480Z"}
{"level":"warn","message":"[DB] Database disabled or pool unavailable — query skipped: SHOW COLUMNS FROM business_config LIKE 'meta_access_token'","service":"meta-auth","timestamp":"2026-04-01T10:53:38.480Z"}
{"level":"warn","message":"[DB] Database disabled or pool unavailable — query skipped: ALTER TABLE business_config ADD COLUMN meta_access_token TEXT, ADD COLUMN meta_a","service":"meta-auth","timestamp":"2026-04-01T10:53:38.481Z"}
{"level":"warn","message":"[DB] Database disabled or pool unavailable — query skipped: SELECT * FROM user_facebook_pages WHERE business_id = ?","service":"meta-auth","timestamp":"2026-04-01T10:53:38.481Z"}
{"level":"warn","message":"[DB] Database disabled or pool unavailable — query skipped: INSERT INTO business_config (id, owner_name, business_name, primary_objective, c","service":"meta-auth","timestamp":"2026-04-01T10:53:38.500Z"}
{"level":"warn","message":"[DB] Database disabled or pool unavailable — query skipped: SHOW COLUMNS FROM business_config LIKE 'meta_access_token'","service":"meta-auth","timestamp":"2026-04-01T10:53:38.500Z"}
{"level":"warn","message":"[DB] Database disabled or pool unavailable — query skipped: ALTER TABLE business_config ADD COLUMN meta_access_token TEXT, ADD COLUMN meta_a","service":"meta-auth","timestamp":"2026-04-01T10:53:38.501Z"}
{"level":"warn","message":"[DB] Database disabled or pool unavailable — query skipped: SELECT fb_email, access_token, success_count, fail_count, last_error, last_login","service":"meta-auth","timestamp":"2026-04-01T10:53:38.501Z"}
{"level":"warn","message":"[DB] Database disabled or pool unavailable — query skipped: INSERT INTO business_config (id, owner_name, business_name, primary_objective, c","service":"meta-auth","timestamp":"2026-04-01T10:53:38.501Z"}
{"level":"warn","message":"[DB] Database disabled or pool unavailable — query skipped: SHOW COLUMNS FROM business_config LIKE 'meta_access_token'","service":"meta-auth","timestamp":"2026-04-01T10:53:38.501Z"}
{"level":"warn","message":"[DB] Database disabled or pool unavailable — query skipped: ALTER TABLE business_config ADD COLUMN meta_access_token TEXT, ADD COLUMN meta_a","service":"meta-auth","timestamp":"2026-04-01T10:53:38.502Z"}
{"level":"warn","message":"[DB] Database disabled or pool unavailable — query skipped: SELECT * FROM user_facebook_pages WHERE business_id = ?","service":"meta-auth","timestamp":"2026-04-01T10:53:38.502Z"}
{"level":"warn","message":"[DB] Database disabled or pool unavailable — query skipped: INSERT INTO business_config (id, owner_name, business_name, primary_objective, c","service":"meta-auth","timestamp":"2026-04-01T10:53:38.522Z"}
{"level":"warn","message":"[DB] Database disabled or pool unavailable — query skipped: SHOW COLUMNS FROM business_config LIKE 'meta_access_token'","service":"meta-auth","timestamp":"2026-04-01T10:53:38.522Z"}
{"level":"warn","message":"[DB] Database disabled or pool unavailable — query skipped: ALTER TABLE business_config ADD COLUMN meta_access_token TEXT, ADD COLUMN meta_a","service":"meta-auth","timestamp":"2026-04-01T10:53:38.522Z"}
{"level":"warn","message":"[DB] Database disabled or pool unavailable — query skipped: SELECT fb_email, access_token, success_count, fail_count, last_error, last_login","service":"meta-auth","timestamp":"2026-04-01T10:53:38.523Z"}
{"level":"warn","message":"[DB] Database disabled or pool unavailable — query skipped: INSERT INTO business_config (id, owner_name, business_name, primary_objective, c","service":"meta-auth","timestamp":"2026-04-01T10:53:38.523Z"}
{"level":"warn","message":"[DB] Database disabled or pool unavailable — query skipped: SHOW COLUMNS FROM business_config LIKE 'meta_access_token'","service":"meta-auth","timestamp":"2026-04-01T10:53:38.523Z"}
{"level":"warn","message":"[DB] Database disabled or pool unavailable — query skipped: ALTER TABLE business_config ADD COLUMN meta_access_token TEXT, ADD COLUMN meta_a","service":"meta-auth","timestamp":"2026-04-01T10:53:38.524Z"}
{"level":"warn","message":"[DB] Database disabled or pool unavailable — query skipped: SELECT * FROM user_facebook_pages WHERE business_id = ?","service":"meta-auth","timestamp":"2026-04-01T10:53:38.524Z"}
{"level":"warn","message":"[DB] Database disabled or pool unavailable — query skipped: INSERT INTO business_config (id, owner_name, business_name, primary_objective, c","service":"meta-auth","timestamp":"2026-04-01T10:53:38.544Z"}
{"level":"warn","message":"[DB] Database disabled or pool unavailable — query skipped: SHOW COLUMNS FROM business_config LIKE 'meta_access_token'","service":"meta-auth","timestamp":"2026-04-01T10:53:38.545Z"}
{"level":"warn","message":"[DB] Database disabled or pool unavailable — query skipped: ALTER TABLE business_config ADD COLUMN meta_access_token TEXT, ADD COLUMN meta_a","service":"meta-auth","timestamp":"2026-04-01T10:53:38.545Z"}
{"level":"warn","message":"[DB] Database disabled or pool unavailable — query skipped: SELECT fb_email, access_token, success_count, fail_count, last_error, last_login","service":"meta-auth","timestamp":"2026-04-01T10:53:38.545Z"}
{"level":"warn","message":"[DB] Database disabled or pool unavailable — query skipped: INSERT INTO business_config (id, owner_name, business_name, primary_objective, c","service":"meta-auth","timestamp":"2026-04-01T10:53:38.545Z"}
{"level":"warn","message":"[DB] Database disabled or pool unavailable — query skipped: SHOW COLUMNS FROM business_config LIKE 'meta_access_token'","service":"meta-auth","timestamp":"2026-04-01T10:53:38.545Z"}
{"level":"warn","message":"[DB] Database disabled or pool unavailable — query skipped: ALTER TABLE business_config ADD COLUMN meta_access_token TEXT, ADD COLUMN meta_a","service":"meta-auth","timestamp":"2026-04-01T10:53:38.545Z"}
{"level":"warn","message":"[DB] Database disabled or pool unavailable — query skipped: SELECT * FROM user_facebook_pages WHERE business_id = ?","service":"meta-auth","timestamp":"2026-04-01T10:53:38.546Z"}
{"level":"warn","message":"[DB] Database disabled or pool unavailable — query skipped: INSERT INTO business_config (id, owner_name, business_name, primary_objective, c","service":"meta-auth","timestamp":"2026-04-01T10:57:28.435Z"}
{"level":"warn","message":"[DB] Database disabled or pool unavailable — query skipped: SHOW COLUMNS FROM business_config LIKE 'meta_access_token'","service":"meta-auth","timestamp":"2026-04-01T10:57:28.440Z"}
{"level":"warn","message":"[DB] Database disabled or pool unavailable — query skipped: ALTER TABLE business_config ADD COLUMN meta_access_token TEXT, ADD COLUMN meta_a","service":"meta-auth","timestamp":"2026-04-01T10:57:28.440Z"}
{"level":"warn","message":"[DB] Database disabled or pool unavailable — query skipped: SELECT fb_email, access_token, success_count, fail_count, last_error, last_login","service":"meta-auth","timestamp":"2026-04-01T10:57:28.441Z"}
{"level":"warn","message":"[DB] Database disabled or pool unavailable — query skipped: INSERT INTO business_config (id, owner_name, business_name, primary_objective, c","service":"meta-auth","timestamp":"2026-04-01T10:57:28.442Z"}
{"level":"warn","message":"[DB] Database disabled or pool unavailable — query skipped: SHOW COLUMNS FROM business_config LIKE 'meta_access_token'","service":"meta-auth","timestamp":"2026-04-01T10:57:28.442Z"}
{"level":"warn","message":"[DB] Database disabled or pool unavailable — query skipped: ALTER TABLE business_config ADD COLUMN meta_access_token TEXT, ADD COLUMN meta_a","service":"meta-auth","timestamp":"2026-04-01T10:57:28.442Z"}
{"level":"warn","message":"[DB] Database disabled or pool unavailable — query skipped: SELECT * FROM user_facebook_pages WHERE business_id = ?","service":"meta-auth","timestamp":"2026-04-01T10:57:28.443Z"}
{"level":"warn","message":"[DB] Database disabled or pool unavailable — query skipped: INSERT INTO business_config (id, owner_name, business_name, primary_objective, c","service":"meta-auth","timestamp":"2026-04-01T10:57:28.476Z"}
{"level":"warn","message":"[DB] Database disabled or pool unavailable — query skipped: SHOW COLUMNS FROM business_config LIKE 'meta_access_token'","service":"meta-auth","timestamp":"2026-04-01T10:57:28.476Z"}
{"level":"warn","message":"[DB] Database disabled or pool unavailable — query skipped: ALTER TABLE business_config ADD COLUMN meta_access_token TEXT, ADD COLUMN meta_a","service":"meta-auth","timestamp":"2026-04-01T10:57:28.477Z"}
{"level":"warn","message":"[DB] Database disabled or pool unavailable — query skipped: SELECT fb_email, access_token, success_count, fail_count, last_error, last_login","service":"meta-auth","timestamp":"2026-04-01T10:57:28.477Z"}
{"level":"warn","message":"[DB] Database disabled or pool unavailable — query skipped: INSERT INTO business_config (id, owner_name, business_name, primary_objective, c","service":"meta-auth","timestamp":"2026-04-01T10:57:28.478Z"}
{"level":"warn","message":"[DB] Database disabled or pool unavailable — query skipped: SHOW COLUMNS FROM business_config LIKE 'meta_access_token'","service":"meta-auth","timestamp":"2026-04-01T10:57:28.478Z"}
{"level":"warn","message":"[DB] Database disabled or pool unavailable — query skipped: ALTER TABLE business_config ADD COLUMN meta_access_token TEXT, ADD COLUMN meta_a","service":"meta-auth","timestamp":"2026-04-01T10:57:28.479Z"}
{"level":"warn","message":"[DB] Database disabled or pool unavailable — query skipped: SELECT * FROM user_facebook_pages WHERE business_id = ?","service":"meta-auth","timestamp":"2026-04-01T10:57:28.479Z"}
{"level":"warn","message":"[DB] Database disabled or pool unavailable — query skipped: INSERT INTO business_config (id, owner_name, business_name, primary_objective, c","service":"meta-auth","timestamp":"2026-04-01T10:57:28.506Z"}
{"level":"warn","message":"[DB] Database disabled or pool unavailable — query skipped: SHOW COLUMNS FROM business_config LIKE 'meta_access_token'","service":"meta-auth","timestamp":"2026-04-01T10:57:28.506Z"}
{"level":"warn","message":"[DB] Database disabled or pool unavailable — query skipped: ALTER TABLE business_config ADD COLUMN meta_access_token TEXT, ADD COLUMN meta_a","service":"meta-auth","timestamp":"2026-04-01T10:57:28.506Z"}
{"level":"warn","message":"[DB] Database disabled or pool unavailable — query skipped: SELECT fb_email, access_token, success_count, fail_count, last_error, last_login","service":"meta-auth","timestamp":"2026-04-01T10:57:28.506Z"}
{"level":"warn","message":"[DB] Database disabled or pool unavailable — query skipped: INSERT INTO business_config (id, owner_name, business_name, primary_objective, c","service":"meta-auth","timestamp":"2026-04-01T10:57:28.507Z"}
{"level":"warn","message":"[DB] Database disabled or pool unavailable — query skipped: SHOW COLUMNS FROM business_config LIKE 'meta_access_token'","service":"meta-auth","timestamp":"2026-04-01T10:57:28.507Z"}
{"level":"warn","message":"[DB] Database disabled or pool unavailable — query skipped: ALTER TABLE business_config ADD COLUMN meta_access_token TEXT, ADD COLUMN meta_a","service":"meta-auth","timestamp":"2026-04-01T10:57:28.507Z"}
{"level":"warn","message":"[DB] Database disabled or pool unavailable — query skipped: SELECT * FROM user_facebook_pages WHERE business_id = ?","service":"meta-auth","timestamp":"2026-04-01T10:57:28.507Z"}
{"level":"info","message":"[PIXEL_HEALTH_CHECKER] Quét trạng thái tracking cho camp: cmp_scale_hcm","service":"meta-auth","timestamp":"2026-04-01T10:57:28.510Z"}
{"level":"warn","message":"[DB] Database disabled or pool unavailable — query skipped: INSERT INTO business_config (id, owner_name, business_name, primary_objective, c","service":"meta-auth","timestamp":"2026-04-01T10:57:28.537Z"}
{"level":"warn","message":"[DB] Database disabled or pool unavailable — query skipped: SHOW COLUMNS FROM business_config LIKE 'meta_access_token'","service":"meta-auth","timestamp":"2026-04-01T10:57:28.537Z"}
{"level":"warn","message":"[DB] Database disabled or pool unavailable — query skipped: ALTER TABLE business_config ADD COLUMN meta_access_token TEXT, ADD COLUMN meta_a","service":"meta-auth","timestamp":"2026-04-01T10:57:28.537Z"}
{"level":"warn","message":"[DB] Database disabled or pool unavailable — query skipped: SELECT fb_email, access_token, success_count, fail_count, last_error, last_login","service":"meta-auth","timestamp":"2026-04-01T10:57:28.537Z"}
{"level":"warn","message":"[DB] Database disabled or pool unavailable — query skipped: INSERT INTO business_config (id, owner_name, business_name, primary_objective, c","service":"meta-auth","timestamp":"2026-04-01T10:57:28.538Z"}
{"level":"warn","message":"[DB] Database disabled or pool unavailable — query skipped: SHOW COLUMNS FROM business_config LIKE 'meta_access_token'","service":"meta-auth","timestamp":"2026-04-01T10:57:28.538Z"}
{"level":"warn","message":"[DB] Database disabled or pool unavailable — query skipped: ALTER TABLE business_config ADD COLUMN meta_access_token TEXT, ADD COLUMN meta_a","service":"meta-auth","timestamp":"2026-04-01T10:57:28.538Z"}
{"level":"warn","message":"[DB] Database disabled or pool unavailable — query skipped: SELECT * FROM user_facebook_pages WHERE business_id = ?","service":"meta-auth","timestamp":"2026-04-01T10:57:28.538Z"}
{"level":"warn","message":"[DB] Database disabled or pool unavailable — query skipped: INSERT INTO business_config (id, owner_name, business_name, primary_objective, c","service":"meta-auth","timestamp":"2026-04-01T10:57:28.558Z"}
{"level":"warn","message":"[DB] Database disabled or pool unavailable — query skipped: SHOW COLUMNS FROM business_config LIKE 'meta_access_token'","service":"meta-auth","timestamp":"2026-04-01T10:57:28.558Z"}
{"level":"warn","message":"[DB] Database disabled or pool unavailable — query skipped: ALTER TABLE business_config ADD COLUMN meta_access_token TEXT, ADD COLUMN meta_a","service":"meta-auth","timestamp":"2026-04-01T10:57:28.558Z"}
{"level":"warn","message":"[DB] Database disabled or pool unavailable — query skipped: SELECT fb_email, access_token, success_count, fail_count, last_error, last_login","service":"meta-auth","timestamp":"2026-04-01T10:57:28.558Z"}
{"level":"warn","message":"[DB] Database disabled or pool unavailable — query skipped: INSERT INTO business_config (id, owner_name, business_name, primary_objective, c","service":"meta-auth","timestamp":"2026-04-01T10:57:28.559Z"}
{"level":"warn","message":"[DB] Database disabled or pool unavailable — query skipped: SHOW COLUMNS FROM business_config LIKE 'meta_access_token'","service":"meta-auth","timestamp":"2026-04-01T10:57:28.559Z"}
{"level":"warn","message":"[DB] Database disabled or pool unavailable — query skipped: ALTER TABLE business_config ADD COLUMN meta_access_token TEXT, ADD COLUMN meta_a","service":"meta-auth","timestamp":"2026-04-01T10:57:28.559Z"}
{"level":"warn","message":"[DB] Database disabled or pool unavailable — query skipped: SELECT * FROM user_facebook_pages WHERE business_id = ?","service":"meta-auth","timestamp":"2026-04-01T10:57:28.559Z"}
{"level":"warn","message":"[DB] Database disabled or pool unavailable — query skipped: INSERT INTO business_config (id, owner_name, business_name, primary_objective, c","service":"meta-auth","timestamp":"2026-04-01T10:57:28.575Z"}
{"level":"warn","message":"[DB] Database disabled or pool unavailable — query skipped: SHOW COLUMNS FROM business_config LIKE 'meta_access_token'","service":"meta-auth","timestamp":"2026-04-01T10:57:28.576Z"}
{"level":"warn","message":"[DB] Database disabled or pool unavailable — query skipped: ALTER TABLE business_config ADD COLUMN meta_access_token TEXT, ADD COLUMN meta_a","service":"meta-auth","timestamp":"2026-04-01T10:57:28.577Z"}
{"level":"warn","message":"[DB] Database disabled or pool unavailable — query skipped: SELECT fb_email, access_token, success_count, fail_count, last_error, last_login","service":"meta-auth","timestamp":"2026-04-01T10:57:28.577Z"}
{"level":"warn","message":"[DB] Database disabled or pool unavailable — query skipped: INSERT INTO business_config (id, owner_name, business_name, primary_objective, c","service":"meta-auth","timestamp":"2026-04-01T10:57:28.577Z"}
{"level":"warn","message":"[DB] Database disabled or pool unavailable — query skipped: SHOW COLUMNS FROM business_config LIKE 'meta_access_token'","service":"meta-auth","timestamp":"2026-04-01T10:57:28.578Z"}
{"level":"warn","message":"[DB] Database disabled or pool unavailable — query skipped: ALTER TABLE business_config ADD COLUMN meta_access_token TEXT, ADD COLUMN meta_a","service":"meta-auth","timestamp":"2026-04-01T10:57:28.578Z"}
{"level":"warn","message":"[DB] Database disabled or pool unavailable — query skipped: SELECT * FROM user_facebook_pages WHERE business_id = ?","service":"meta-auth","timestamp":"2026-04-01T10:57:28.578Z"}
{"level":"warn","message":"[DB] Database disabled or pool unavailable — query skipped: INSERT INTO business_config (id, owner_name, business_name, primary_objective, c","service":"meta-auth","timestamp":"2026-04-01T10:57:28.606Z"}
{"level":"warn","message":"[DB] Database disabled or pool unavailable — query skipped: SHOW COLUMNS FROM business_config LIKE 'meta_access_token'","service":"meta-auth","timestamp":"2026-04-01T10:57:28.606Z"}
{"level":"warn","message":"[DB] Database disabled or pool unavailable — query skipped: ALTER TABLE business_config ADD COLUMN meta_access_token TEXT, ADD COLUMN meta_a","service":"meta-auth","timestamp":"2026-04-01T10:57:28.606Z"}
{"level":"warn","message":"[DB] Database disabled or pool unavailable — query skipped: SELECT fb_email, access_token, success_count, fail_count, last_error, last_login","service":"meta-auth","timestamp":"2026-04-01T10:57:28.606Z"}
{"level":"warn","message":"[DB] Database disabled or pool unavailable — query skipped: INSERT INTO business_config (id, owner_name, business_name, primary_objective, c","service":"meta-auth","timestamp":"2026-04-01T10:57:28.607Z"}
{"level":"warn","message":"[DB] Database disabled or pool unavailable — query skipped: SHOW COLUMNS FROM business_config LIKE 'meta_access_token'","service":"meta-auth","timestamp":"2026-04-01T10:57:28.607Z"}
{"level":"warn","message":"[DB] Database disabled or pool unavailable — query skipped: ALTER TABLE business_config ADD COLUMN meta_access_token TEXT, ADD COLUMN meta_a","service":"meta-auth","timestamp":"2026-04-01T10:57:28.607Z"}
{"level":"warn","message":"[DB] Database disabled or pool unavailable — query skipped: SELECT * FROM user_facebook_pages WHERE business_id = ?","service":"meta-auth","timestamp":"2026-04-01T10:57:28.607Z"}
{"level":"warn","message":"[DB] Database disabled or pool unavailable — query skipped: INSERT INTO business_config (id, owner_name, business_name, primary_objective, c","service":"meta-auth","timestamp":"2026-04-01T10:57:28.623Z"}
{"level":"warn","message":"[DB] Database disabled or pool unavailable — query skipped: SHOW COLUMNS FROM business_config LIKE 'meta_access_token'","service":"meta-auth","timestamp":"2026-04-01T10:57:28.624Z"}
{"level":"warn","message":"[DB] Database disabled or pool unavailable — query skipped: ALTER TABLE business_config ADD COLUMN meta_access_token TEXT, ADD COLUMN meta_a","service":"meta-auth","timestamp":"2026-04-01T10:57:28.624Z"}
{"level":"warn","message":"[DB] Database disabled or pool unavailable — query skipped: SELECT fb_email, access_token, success_count, fail_count, last_error, last_login","service":"meta-auth","timestamp":"2026-04-01T10:57:28.624Z"}
{"level":"warn","message":"[DB] Database disabled or pool unavailable — query skipped: INSERT INTO business_config (id, owner_name, business_name, primary_objective, c","service":"meta-auth","timestamp":"2026-04-01T10:57:28.624Z"}
{"level":"warn","message":"[DB] Database disabled or pool unavailable — query skipped: SHOW COLUMNS FROM business_config LIKE 'meta_access_token'","service":"meta-auth","timestamp":"2026-04-01T10:57:28.625Z"}
{"level":"warn","message":"[DB] Database disabled or pool unavailable — query skipped: ALTER TABLE business_config ADD COLUMN meta_access_token TEXT, ADD COLUMN meta_a","service":"meta-auth","timestamp":"2026-04-01T10:57:28.625Z"}
{"level":"warn","message":"[DB] Database disabled or pool unavailable — query skipped: SELECT * FROM user_facebook_pages WHERE business_id = ?","service":"meta-auth","timestamp":"2026-04-01T10:57:28.625Z"}
{"level":"warn","message":"[DB] Database disabled or pool unavailable — query skipped: INSERT INTO business_config (id, owner_name, business_name, primary_objective, c","service":"meta-auth","timestamp":"2026-04-01T10:57:28.640Z"}
{"level":"warn","message":"[DB] Database disabled or pool unavailable — query skipped: SHOW COLUMNS FROM business_config LIKE 'meta_access_token'","service":"meta-auth","timestamp":"2026-04-01T10:57:28.641Z"}
{"level":"warn","message":"[DB] Database disabled or pool unavailable — query skipped: ALTER TABLE business_config ADD COLUMN meta_access_token TEXT, ADD COLUMN meta_a","service":"meta-auth","timestamp":"2026-04-01T10:57:28.641Z"}
{"level":"warn","message":"[DB] Database disabled or pool unavailable — query skipped: SELECT fb_email, access_token, success_count, fail_count, last_error, last_login","service":"meta-auth","timestamp":"2026-04-01T10:57:28.641Z"}
{"level":"warn","message":"[DB] Database disabled or pool unavailable — query skipped: INSERT INTO business_config (id, owner_name, business_name, primary_objective, c","service":"meta-auth","timestamp":"2026-04-01T10:57:28.642Z"}
{"level":"warn","message":"[DB] Database disabled or pool unavailable — query skipped: SHOW COLUMNS FROM business_config LIKE 'meta_access_token'","service":"meta-auth","timestamp":"2026-04-01T10:57:28.642Z"}
{"level":"warn","message":"[DB] Database disabled or pool unavailable — query skipped: ALTER TABLE business_config ADD COLUMN meta_access_token TEXT, ADD COLUMN meta_a","service":"meta-auth","timestamp":"2026-04-01T10:57:28.642Z"}
{"level":"warn","message":"[DB] Database disabled or pool unavailable — query skipped: SELECT * FROM user_facebook_pages WHERE business_id = ?","service":"meta-auth","timestamp":"2026-04-01T10:57:28.643Z"}
{"level":"warn","message":"[DB] Database disabled or pool unavailable — query skipped: INSERT INTO business_config (id, owner_name, business_name, primary_objective, c","service":"meta-auth","timestamp":"2026-04-01T10:58:12.615Z"}
{"level":"warn","message":"[DB] Database disabled or pool unavailable — query skipped: SHOW COLUMNS FROM business_config LIKE 'meta_access_token'","service":"meta-auth","timestamp":"2026-04-01T10:58:12.619Z"}
{"level":"warn","message":"[DB] Database disabled or pool unavailable — query skipped: ALTER TABLE business_config ADD COLUMN meta_access_token TEXT, ADD COLUMN meta_a","service":"meta-auth","timestamp":"2026-04-01T10:58:12.619Z"}
{"level":"warn","message":"[DB] Database disabled or pool unavailable — query skipped: SELECT fb_email, access_token, success_count, fail_count, last_error, last_login","service":"meta-auth","timestamp":"2026-04-01T10:58:12.620Z"}
{"level":"warn","message":"[DB] Database disabled or pool unavailable — query skipped: INSERT INTO business_config (id, owner_name, business_name, primary_objective, c","service":"meta-auth","timestamp":"2026-04-01T10:58:12.620Z"}
{"level":"warn","message":"[DB] Database disabled or pool unavailable — query skipped: SHOW COLUMNS FROM business_config LIKE 'meta_access_token'","service":"meta-auth","timestamp":"2026-04-01T10:58:12.621Z"}
{"level":"warn","message":"[DB] Database disabled or pool unavailable — query skipped: ALTER TABLE business_config ADD COLUMN meta_access_token TEXT, ADD COLUMN meta_a","service":"meta-auth","timestamp":"2026-04-01T10:58:12.621Z"}
{"level":"warn","message":"[DB] Database disabled or pool unavailable — query skipped: SELECT * FROM user_facebook_pages WHERE business_id = ?","service":"meta-auth","timestamp":"2026-04-01T10:58:12.621Z"}
{"level":"warn","message":"[DB] Database disabled or pool unavailable — query skipped: INSERT INTO business_config (id, owner_name, business_name, primary_objective, c","service":"meta-auth","timestamp":"2026-04-01T10:58:12.655Z"}
{"level":"warn","message":"[DB] Database disabled or pool unavailable — query skipped: SHOW COLUMNS FROM business_config LIKE 'meta_access_token'","service":"meta-auth","timestamp":"2026-04-01T10:58:12.655Z"}
{"level":"warn","message":"[DB] Database disabled or pool unavailable — query skipped: ALTER TABLE business_config ADD COLUMN meta_access_token TEXT, ADD COLUMN meta_a","service":"meta-auth","timestamp":"2026-04-01T10:58:12.656Z"}
{"level":"warn","message":"[DB] Database disabled or pool unavailable — query skipped: SELECT fb_email, access_token, success_count, fail_count, last_error, last_login","service":"meta-auth","timestamp":"2026-04-01T10:58:12.656Z"}
{"level":"warn","message":"[DB] Database disabled or pool unavailable — query skipped: INSERT INTO business_config (id, owner_name, business_name, primary_objective, c","service":"meta-auth","timestamp":"2026-04-01T10:58:12.656Z"}
{"level":"warn","message":"[DB] Database disabled or pool unavailable — query skipped: SHOW COLUMNS FROM business_config LIKE 'meta_access_token'","service":"meta-auth","timestamp":"2026-04-01T10:58:12.656Z"}
{"level":"warn","message":"[DB] Database disabled or pool unavailable — query skipped: ALTER TABLE business_config ADD COLUMN meta_access_token TEXT, ADD COLUMN meta_a","service":"meta-auth","timestamp":"2026-04-01T10:58:12.657Z"}
{"level":"warn","message":"[DB] Database disabled or pool unavailable — query skipped: SELECT * FROM user_facebook_pages WHERE business_id = ?","service":"meta-auth","timestamp":"2026-04-01T10:58:12.657Z"}
{"level":"warn","message":"[DB] Database disabled or pool unavailable — query skipped: INSERT INTO business_config (id, owner_name, business_name, primary_objective, c","service":"meta-auth","timestamp":"2026-04-01T10:58:12.684Z"}
{"level":"warn","message":"[DB] Database disabled or pool unavailable — query skipped: SHOW COLUMNS FROM business_config LIKE 'meta_access_token'","service":"meta-auth","timestamp":"2026-04-01T10:58:12.685Z"}
{"level":"warn","message":"[DB] Database disabled or pool unavailable — query skipped: ALTER TABLE business_config ADD COLUMN meta_access_token TEXT, ADD COLUMN meta_a","service":"meta-auth","timestamp":"2026-04-01T10:58:12.685Z"}
{"level":"warn","message":"[DB] Database disabled or pool unavailable — query skipped: SELECT fb_email, access_token, success_count, fail_count, last_error, last_login","service":"meta-auth","timestamp":"2026-04-01T10:58:12.685Z"}
{"level":"warn","message":"[DB] Database disabled or pool unavailable — query skipped: INSERT INTO business_config (id, owner_name, business_name, primary_objective, c","service":"meta-auth","timestamp":"2026-04-01T10:58:12.685Z"}
{"level":"warn","message":"[DB] Database disabled or pool unavailable — query skipped: SHOW COLUMNS FROM business_config LIKE 'meta_access_token'","service":"meta-auth","timestamp":"2026-04-01T10:58:12.685Z"}
{"level":"warn","message":"[DB] Database disabled or pool unavailable — query skipped: ALTER TABLE business_config ADD COLUMN meta_access_token TEXT, ADD COLUMN meta_a","service":"meta-auth","timestamp":"2026-04-01T10:58:12.686Z"}
{"level":"warn","message":"[DB] Database disabled or pool unavailable — query skipped: SELECT * FROM user_facebook_pages WHERE business_id = ?","service":"meta-auth","timestamp":"2026-04-01T10:58:12.686Z"}
{"level":"info","message":"[PIXEL_HEALTH_CHECKER] Quét trạng thái tracking cho camp: cmp_scale_hcm","service":"meta-auth","timestamp":"2026-04-01T10:58:12.689Z"}
{"level":"warn","message":"[DB] Database disabled or pool unavailable — query skipped: INSERT INTO business_config (id, owner_name, business_name, primary_objective, c","service":"meta-auth","timestamp":"2026-04-01T10:58:12.714Z"}
{"level":"warn","message":"[DB] Database disabled or pool unavailable — query skipped: SHOW COLUMNS FROM business_config LIKE 'meta_access_token'","service":"meta-auth","timestamp":"2026-04-01T10:58:12.715Z"}
{"level":"warn","message":"[DB] Database disabled or pool unavailable — query skipped: ALTER TABLE business_config ADD COLUMN meta_access_token TEXT, ADD COLUMN meta_a","service":"meta-auth","timestamp":"2026-04-01T10:58:12.715Z"}
{"level":"warn","message":"[DB] Database disabled or pool unavailable — query skipped: SELECT fb_email, access_token, success_count, fail_count, last_error, last_login","service":"meta-auth","timestamp":"2026-04-01T10:58:12.715Z"}
{"level":"warn","message":"[DB] Database disabled or pool unavailable — query skipped: INSERT INTO business_config (id, owner_name, business_name, primary_objective, c","service":"meta-auth","timestamp":"2026-04-01T10:58:12.715Z"}
{"level":"warn","message":"[DB] Database disabled or pool unavailable — query skipped: SHOW COLUMNS FROM business_config LIKE 'meta_access_token'","service":"meta-auth","timestamp":"2026-04-01T10:58:12.715Z"}
{"level":"warn","message":"[DB] Database disabled or pool unavailable — query skipped: ALTER TABLE business_config ADD COLUMN meta_access_token TEXT, ADD COLUMN meta_a","service":"meta-auth","timestamp":"2026-04-01T10:58:12.716Z"}
{"level":"warn","message":"[DB] Database disabled or pool unavailable — query skipped: SELECT * FROM user_facebook_pages WHERE business_id = ?","service":"meta-auth","timestamp":"2026-04-01T10:58:12.716Z"}
{"level":"warn","message":"[DB] Database disabled or pool unavailable — query skipped: INSERT INTO business_config (id, owner_name, business_name, primary_objective, c","service":"meta-auth","timestamp":"2026-04-01T10:58:12.734Z"}
{"level":"warn","message":"[DB] Database disabled or pool unavailable — query skipped: SHOW COLUMNS FROM business_config LIKE 'meta_access_token'","service":"meta-auth","timestamp":"2026-04-01T10:58:12.735Z"}
{"level":"warn","message":"[DB] Database disabled or pool unavailable — query skipped: ALTER TABLE business_config ADD COLUMN meta_access_token TEXT, ADD COLUMN meta_a","service":"meta-auth","timestamp":"2026-04-01T10:58:12.735Z"}
{"level":"warn","message":"[DB] Database disabled or pool unavailable — query skipped: SELECT fb_email, access_token, success_count, fail_count, last_error, last_login","service":"meta-auth","timestamp":"2026-04-01T10:58:12.735Z"}
{"level":"warn","message":"[DB] Database disabled or pool unavailable — query skipped: INSERT INTO business_config (id, owner_name, business_name, primary_objective, c","service":"meta-auth","timestamp":"2026-04-01T10:58:12.735Z"}
{"level":"warn","message":"[DB] Database disabled or pool unavailable — query skipped: SHOW COLUMNS FROM business_config LIKE 'meta_access_token'","service":"meta-auth","timestamp":"2026-04-01T10:58:12.735Z"}
{"level":"warn","message":"[DB] Database disabled or pool unavailable — query skipped: ALTER TABLE business_config ADD COLUMN meta_access_token TEXT, ADD COLUMN meta_a","service":"meta-auth","timestamp":"2026-04-01T10:58:12.736Z"}
{"level":"warn","message":"[DB] Database disabled or pool unavailable — query skipped: SELECT * FROM user_facebook_pages WHERE business_id = ?","service":"meta-auth","timestamp":"2026-04-01T10:58:12.736Z"}
{"level":"warn","message":"[DB] Database disabled or pool unavailable — query skipped: INSERT INTO business_config (id, owner_name, business_name, primary_objective, c","service":"meta-auth","timestamp":"2026-04-01T10:58:12.753Z"}
{"level":"warn","message":"[DB] Database disabled or pool unavailable — query skipped: SHOW COLUMNS FROM business_config LIKE 'meta_access_token'","service":"meta-auth","timestamp":"2026-04-01T10:58:12.753Z"}
{"level":"warn","message":"[DB] Database disabled or pool unavailable — query skipped: ALTER TABLE business_config ADD COLUMN meta_access_token TEXT, ADD COLUMN meta_a","service":"meta-auth","timestamp":"2026-04-01T10:58:12.754Z"}
{"level":"warn","message":"[DB] Database disabled or pool unavailable — query skipped: SELECT fb_email, access_token, success_count, fail_count, last_error, last_login","service":"meta-auth","timestamp":"2026-04-01T10:58:12.754Z"}
{"level":"warn","message":"[DB] Database disabled or pool unavailable — query skipped: INSERT INTO business_config (id, owner_name, business_name, primary_objective, c","service":"meta-auth","timestamp":"2026-04-01T10:58:12.754Z"}
{"level":"warn","message":"[DB] Database disabled or pool unavailable — query skipped: SHOW COLUMNS FROM business_config LIKE 'meta_access_token'","service":"meta-auth","timestamp":"2026-04-01T10:58:12.754Z"}
{"level":"warn","message":"[DB] Database disabled or pool unavailable — query skipped: ALTER TABLE business_config ADD COLUMN meta_access_token TEXT, ADD COLUMN meta_a","service":"meta-auth","timestamp":"2026-04-01T10:58:12.754Z"}
{"level":"warn","message":"[DB] Database disabled or pool unavailable — query skipped: SELECT * FROM user_facebook_pages WHERE business_id = ?","service":"meta-auth","timestamp":"2026-04-01T10:58:12.754Z"}
{"level":"warn","message":"[DB] Database disabled or pool unavailable — query skipped: INSERT INTO business_config (id, owner_name, business_name, primary_objective, c","service":"meta-auth","timestamp":"2026-04-01T10:58:12.771Z"}
{"level":"warn","message":"[DB] Database disabled or pool unavailable — query skipped: SHOW COLUMNS FROM business_config LIKE 'meta_access_token'","service":"meta-auth","timestamp":"2026-04-01T10:58:12.772Z"}
{"level":"warn","message":"[DB] Database disabled or pool unavailable — query skipped: ALTER TABLE business_config ADD COLUMN meta_access_token TEXT, ADD COLUMN meta_a","service":"meta-auth","timestamp":"2026-04-01T10:58:12.772Z"}
{"level":"warn","message":"[DB] Database disabled or pool unavailable — query skipped: SELECT fb_email, access_token, success_count, fail_count, last_error, last_login","service":"meta-auth","timestamp":"2026-04-01T10:58:12.772Z"}
{"level":"warn","message":"[DB] Database disabled or pool unavailable — query skipped: INSERT INTO business_config (id, owner_name, business_name, primary_objective, c","service":"meta-auth","timestamp":"2026-04-01T10:58:12.772Z"}
{"level":"warn","message":"[DB] Database disabled or pool unavailable — query skipped: SHOW COLUMNS FROM business_config LIKE 'meta_access_token'","service":"meta-auth","timestamp":"2026-04-01T10:58:12.773Z"}
{"level":"warn","message":"[DB] Database disabled or pool unavailable — query skipped: ALTER TABLE business_config ADD COLUMN meta_access_token TEXT, ADD COLUMN meta_a","service":"meta-auth","timestamp":"2026-04-01T10:58:12.773Z"}
{"level":"warn","message":"[DB] Database disabled or pool unavailable — query skipped: SELECT * FROM user_facebook_pages WHERE business_id = ?","service":"meta-auth","timestamp":"2026-04-01T10:58:12.773Z"}
{"level":"warn","message":"[DB] Database disabled or pool unavailable — query skipped: INSERT INTO business_config (id, owner_name, business_name, primary_objective, c","service":"meta-auth","timestamp":"2026-04-01T10:58:12.790Z"}
{"level":"warn","message":"[DB] Database disabled or pool unavailable — query skipped: SHOW COLUMNS FROM business_config LIKE 'meta_access_token'","service":"meta-auth","timestamp":"2026-04-01T10:58:12.791Z"}
{"level":"warn","message":"[DB] Database disabled or pool unavailable — query skipped: ALTER TABLE business_config ADD COLUMN meta_access_token TEXT, ADD COLUMN meta_a","service":"meta-auth","timestamp":"2026-04-01T10:58:12.791Z"}
{"level":"warn","message":"[DB] Database disabled or pool unavailable — query skipped: SELECT fb_email, access_token, success_count, fail_count, last_error, last_login","service":"meta-auth","timestamp":"2026-04-01T10:58:12.791Z"}
{"level":"warn","message":"[DB] Database disabled or pool unavailable — query skipped: INSERT INTO business_config (id, owner_name, business_name, primary_objective, c","service":"meta-auth","timestamp":"2026-04-01T10:58:12.791Z"}
{"level":"warn","message":"[DB] Database disabled or pool unavailable — query skipped: SHOW COLUMNS FROM business_config LIKE 'meta_access_token'","service":"meta-auth","timestamp":"2026-04-01T10:58:12.792Z"}
{"level":"warn","message":"[DB] Database disabled or pool unavailable — query skipped: ALTER TABLE business_config ADD COLUMN meta_access_token TEXT, ADD COLUMN meta_a","service":"meta-auth","timestamp":"2026-04-01T10:58:12.792Z"}
{"level":"warn","message":"[DB] Database disabled or pool unavailable — query skipped: SELECT * FROM user_facebook_pages WHERE business_id = ?","service":"meta-auth","timestamp":"2026-04-01T10:58:12.792Z"}
{"level":"warn","message":"[DB] Database disabled or pool unavailable — query skipped: INSERT INTO business_config (id, owner_name, business_name, primary_objective, c","service":"meta-auth","timestamp":"2026-04-01T10:58:12.809Z"}
{"level":"warn","message":"[DB] Database disabled or pool unavailable — query skipped: SHOW COLUMNS FROM business_config LIKE 'meta_access_token'","service":"meta-auth","timestamp":"2026-04-01T10:58:12.810Z"}
{"level":"warn","message":"[DB] Database disabled or pool unavailable — query skipped: ALTER TABLE business_config ADD COLUMN meta_access_token TEXT, ADD COLUMN meta_a","service":"meta-auth","timestamp":"2026-04-01T10:58:12.810Z"}
{"level":"warn","message":"[DB] Database disabled or pool unavailable — query skipped: SELECT fb_email, access_token, success_count, fail_count, last_error, last_login","service":"meta-auth","timestamp":"2026-04-01T10:58:12.810Z"}
{"level":"warn","message":"[DB] Database disabled or pool unavailable — query skipped: INSERT INTO business_config (id, owner_name, business_name, primary_objective, c","service":"meta-auth","timestamp":"2026-04-01T10:58:12.810Z"}
{"level":"warn","message":"[DB] Database disabled or pool unavailable — query skipped: SHOW COLUMNS FROM business_config LIKE 'meta_access_token'","service":"meta-auth","timestamp":"2026-04-01T10:58:12.811Z"}
{"level":"warn","message":"[DB] Database disabled or pool unavailable — query skipped: ALTER TABLE business_config ADD COLUMN meta_access_token TEXT, ADD COLUMN meta_a","service":"meta-auth","timestamp":"2026-04-01T10:58:12.811Z"}
{"level":"warn","message":"[DB] Database disabled or pool unavailable — query skipped: SELECT * FROM user_facebook_pages WHERE business_id = ?","service":"meta-auth","timestamp":"2026-04-01T10:58:12.811Z"}
{"level":"warn","message":"[DB] Database disabled or pool unavailable — query skipped: INSERT INTO business_config (id, owner_name, business_name, primary_objective, c","service":"meta-auth","timestamp":"2026-04-01T10:59:30.642Z"}
{"level":"warn","message":"[DB] Database disabled or pool unavailable — query skipped: SHOW COLUMNS FROM business_config LIKE 'meta_access_token'","service":"meta-auth","timestamp":"2026-04-01T10:59:30.646Z"}
{"level":"warn","message":"[DB] Database disabled or pool unavailable — query skipped: ALTER TABLE business_config ADD COLUMN meta_access_token TEXT, ADD COLUMN meta_a","service":"meta-auth","timestamp":"2026-04-01T10:59:30.646Z"}
{"level":"warn","message":"[DB] Database disabled or pool unavailable — query skipped: SELECT fb_email, access_token, success_count, fail_count, last_error, last_login","service":"meta-auth","timestamp":"2026-04-01T10:59:30.647Z"}
{"level":"warn","message":"[DB] Database disabled or pool unavailable — query skipped: INSERT INTO business_config (id, owner_name, business_name, primary_objective, c","service":"meta-auth","timestamp":"2026-04-01T10:59:30.647Z"}
{"level":"warn","message":"[DB] Database disabled or pool unavailable — query skipped: SHOW COLUMNS FROM business_config LIKE 'meta_access_token'","service":"meta-auth","timestamp":"2026-04-01T10:59:30.648Z"}
{"level":"warn","message":"[DB] Database disabled or pool unavailable — query skipped: ALTER TABLE business_config ADD COLUMN meta_access_token TEXT, ADD COLUMN meta_a","service":"meta-auth","timestamp":"2026-04-01T10:59:30.648Z"}
{"level":"warn","message":"[DB] Database disabled or pool unavailable — query skipped: SELECT * FROM user_facebook_pages WHERE business_id = ?","service":"meta-auth","timestamp":"2026-04-01T10:59:30.649Z"}
{"level":"warn","message":"[DB] Database disabled or pool unavailable — query skipped: INSERT INTO business_config (id, owner_name, business_name, primary_objective, c","service":"meta-auth","timestamp":"2026-04-01T10:59:30.687Z"}
{"level":"warn","message":"[DB] Database disabled or pool unavailable — query skipped: SHOW COLUMNS FROM business_config LIKE 'meta_access_token'","service":"meta-auth","timestamp":"2026-04-01T10:59:30.687Z"}
{"level":"warn","message":"[DB] Database disabled or pool unavailable — query skipped: ALTER TABLE business_config ADD COLUMN meta_access_token TEXT, ADD COLUMN meta_a","service":"meta-auth","timestamp":"2026-04-01T10:59:30.688Z"}
{"level":"warn","message":"[DB] Database disabled or pool unavailable — query skipped: SELECT fb_email, access_token, success_count, fail_count, last_error, last_login","service":"meta-auth","timestamp":"2026-04-01T10:59:30.688Z"}
{"level":"warn","message":"[DB] Database disabled or pool unavailable — query skipped: INSERT INTO business_config (id, owner_name, business_name, primary_objective, c","service":"meta-auth","timestamp":"2026-04-01T10:59:30.688Z"}
{"level":"warn","message":"[DB] Database disabled or pool unavailable — query skipped: SHOW COLUMNS FROM business_config LIKE 'meta_access_token'","service":"meta-auth","timestamp":"2026-04-01T10:59:30.689Z"}
{"level":"warn","message":"[DB] Database disabled or pool unavailable — query skipped: ALTER TABLE business_config ADD COLUMN meta_access_token TEXT, ADD COLUMN meta_a","service":"meta-auth","timestamp":"2026-04-01T10:59:30.689Z"}
{"level":"warn","message":"[DB] Database disabled or pool unavailable — query skipped: SELECT * FROM user_facebook_pages WHERE business_id = ?","service":"meta-auth","timestamp":"2026-04-01T10:59:30.689Z"}
{"level":"warn","message":"[DB] Database disabled or pool unavailable — query skipped: INSERT INTO business_config (id, owner_name, business_name, primary_objective, c","service":"meta-auth","timestamp":"2026-04-01T10:59:30.710Z"}
{"level":"warn","message":"[DB] Database disabled or pool unavailable — query skipped: SHOW COLUMNS FROM business_config LIKE 'meta_access_token'","service":"meta-auth","timestamp":"2026-04-01T10:59:30.710Z"}
{"level":"warn","message":"[DB] Database disabled or pool unavailable — query skipped: ALTER TABLE business_config ADD COLUMN meta_access_token TEXT, ADD COLUMN meta_a","service":"meta-auth","timestamp":"2026-04-01T10:59:30.711Z"}
{"level":"warn","message":"[DB] Database disabled or pool unavailable — query skipped: SELECT fb_email, access_token, success_count, fail_count, last_error, last_login","service":"meta-auth","timestamp":"2026-04-01T10:59:30.711Z"}
{"level":"warn","message":"[DB] Database disabled or pool unavailable — query skipped: INSERT INTO business_config (id, owner_name, business_name, primary_objective, c","service":"meta-auth","timestamp":"2026-04-01T10:59:30.711Z"}
{"level":"warn","message":"[DB] Database disabled or pool unavailable — query skipped: SHOW COLUMNS FROM business_config LIKE 'meta_access_token'","service":"meta-auth","timestamp":"2026-04-01T10:59:30.711Z"}
{"level":"warn","message":"[DB] Database disabled or pool unavailable — query skipped: ALTER TABLE business_config ADD COLUMN meta_access_token TEXT, ADD COLUMN meta_a","service":"meta-auth","timestamp":"2026-04-01T10:59:30.712Z"}
{"level":"warn","message":"[DB] Database disabled or pool unavailable — query skipped: SELECT * FROM user_facebook_pages WHERE business_id = ?","service":"meta-auth","timestamp":"2026-04-01T10:59:30.712Z"}
{"level":"info","message":"[PIXEL_HEALTH_CHECKER] Quét trạng thái tracking cho camp: cmp_scale_hcm","service":"meta-auth","timestamp":"2026-04-01T10:59:30.715Z"}
{"level":"warn","message":"[DB] Database disabled or pool unavailable — query skipped: INSERT INTO business_config (id, owner_name, business_name, primary_objective, c","service":"meta-auth","timestamp":"2026-04-01T10:59:30.753Z"}
{"level":"warn","message":"[DB] Database disabled or pool unavailable — query skipped: SHOW COLUMNS FROM business_config LIKE 'meta_access_token'","service":"meta-auth","timestamp":"2026-04-01T10:59:30.754Z"}
{"level":"warn","message":"[DB] Database disabled or pool unavailable — query skipped: ALTER TABLE business_config ADD COLUMN meta_access_token TEXT, ADD COLUMN meta_a","service":"meta-auth","timestamp":"2026-04-01T10:59:30.754Z"}
{"level":"warn","message":"[DB] Database disabled or pool unavailable — query skipped: SELECT fb_email, access_token, success_count, fail_count, last_error, last_login","service":"meta-auth","timestamp":"2026-04-01T10:59:30.754Z"}
{"level":"warn","message":"[DB] Database disabled or pool unavailable — query skipped: INSERT INTO business_config (id, owner_name, business_name, primary_objective, c","service":"meta-auth","timestamp":"2026-04-01T10:59:30.754Z"}
{"level":"warn","message":"[DB] Database disabled or pool unavailable — query skipped: SHOW COLUMNS FROM business_config LIKE 'meta_access_token'","service":"meta-auth","timestamp":"2026-04-01T10:59:30.755Z"}
{"level":"warn","message":"[DB] Database disabled or pool unavailable — query skipped: ALTER TABLE business_config ADD COLUMN meta_access_token TEXT, ADD COLUMN meta_a","service":"meta-auth","timestamp":"2026-04-01T10:59:30.755Z"}
{"level":"warn","message":"[DB] Database disabled or pool unavailable — query skipped: SELECT * FROM user_facebook_pages WHERE business_id = ?","service":"meta-auth","timestamp":"2026-04-01T10:59:30.755Z"}
{"level":"warn","message":"[DB] Database disabled or pool unavailable — query skipped: INSERT INTO business_config (id, owner_name, business_name, primary_objective, c","service":"meta-auth","timestamp":"2026-04-01T10:59:30.792Z"}
{"level":"warn","message":"[DB] Database disabled or pool unavailable — query skipped: SHOW COLUMNS FROM business_config LIKE 'meta_access_token'","service":"meta-auth","timestamp":"2026-04-01T10:59:30.792Z"}
{"level":"warn","message":"[DB] Database disabled or pool unavailable — query skipped: ALTER TABLE business_config ADD COLUMN meta_access_token TEXT, ADD COLUMN meta_a","service":"meta-auth","timestamp":"2026-04-01T10:59:30.792Z"}
{"level":"warn","message":"[DB] Database disabled or pool unavailable — query skipped: SELECT fb_email, access_token, success_count, fail_count, last_error, last_login","service":"meta-auth","timestamp":"2026-04-01T10:59:30.793Z"}
{"level":"warn","message":"[DB] Database disabled or pool unavailable — query skipped: INSERT INTO business_config (id, owner_name, business_name, primary_objective, c","service":"meta-auth","timestamp":"2026-04-01T10:59:30.793Z"}
{"level":"warn","message":"[DB] Database disabled or pool unavailable — query skipped: SHOW COLUMNS FROM business_config LIKE 'meta_access_token'","service":"meta-auth","timestamp":"2026-04-01T10:59:30.793Z"}
{"level":"warn","message":"[DB] Database disabled or pool unavailable — query skipped: ALTER TABLE business_config ADD COLUMN meta_access_token TEXT, ADD COLUMN meta_a","service":"meta-auth","timestamp":"2026-04-01T10:59:30.793Z"}
{"level":"warn","message":"[DB] Database disabled or pool unavailable — query skipped: SELECT * FROM user_facebook_pages WHERE business_id = ?","service":"meta-auth","timestamp":"2026-04-01T10:59:30.794Z"}
{"level":"warn","message":"[DB] Database disabled or pool unavailable — query skipped: INSERT INTO business_config (id, owner_name, business_name, primary_objective, c","service":"meta-auth","timestamp":"2026-04-01T10:59:30.811Z"}
{"level":"warn","message":"[DB] Database disabled or pool unavailable — query skipped: SHOW COLUMNS FROM business_config LIKE 'meta_access_token'","service":"meta-auth","timestamp":"2026-04-01T10:59:30.811Z"}
{"level":"warn","message":"[DB] Database disabled or pool unavailable — query skipped: ALTER TABLE business_config ADD COLUMN meta_access_token TEXT, ADD COLUMN meta_a","service":"meta-auth","timestamp":"2026-04-01T10:59:30.811Z"}
{"level":"warn","message":"[DB] Database disabled or pool unavailable — query skipped: SELECT fb_email, access_token, success_count, fail_count, last_error, last_login","service":"meta-auth","timestamp":"2026-04-01T10:59:30.811Z"}
{"level":"warn","message":"[DB] Database disabled or pool unavailable — query skipped: INSERT INTO business_config (id, owner_name, business_name, primary_objective, c","service":"meta-auth","timestamp":"2026-04-01T10:59:30.812Z"}
{"level":"warn","message":"[DB] Database disabled or pool unavailable — query skipped: SHOW COLUMNS FROM business_config LIKE 'meta_access_token'","service":"meta-auth","timestamp":"2026-04-01T10:59:30.812Z"}
{"level":"warn","message":"[DB] Database disabled or pool unavailable — query skipped: ALTER TABLE business_config ADD COLUMN meta_access_token TEXT, ADD COLUMN meta_a","service":"meta-auth","timestamp":"2026-04-01T10:59:30.812Z"}
{"level":"warn","message":"[DB] Database disabled or pool unavailable — query skipped: SELECT * FROM user_facebook_pages WHERE business_id = ?","service":"meta-auth","timestamp":"2026-04-01T10:59:30.812Z"}
{"level":"warn","message":"[DB] Database disabled or pool unavailable — query skipped: INSERT INTO business_config (id, owner_name, business_name, primary_objective, c","service":"meta-auth","timestamp":"2026-04-01T10:59:30.831Z"}
{"level":"warn","message":"[DB] Database disabled or pool unavailable — query skipped: SHOW COLUMNS FROM business_config LIKE 'meta_access_token'","service":"meta-auth","timestamp":"2026-04-01T10:59:30.831Z"}
{"level":"warn","message":"[DB] Database disabled or pool unavailable — query skipped: ALTER TABLE business_config ADD COLUMN meta_access_token TEXT, ADD COLUMN meta_a","service":"meta-auth","timestamp":"2026-04-01T10:59:30.832Z"}
{"level":"warn","message":"[DB] Database disabled or pool unavailable — query skipped: SELECT fb_email, access_token, success_count, fail_count, last_error, last_login","service":"meta-auth","timestamp":"2026-04-01T10:59:30.832Z"}
{"level":"warn","message":"[DB] Database disabled or pool unavailable — query skipped: INSERT INTO business_config (id, owner_name, business_name, primary_objective, c","service":"meta-auth","timestamp":"2026-04-01T10:59:30.832Z"}
{"level":"warn","message":"[DB] Database disabled or pool unavailable — query skipped: SHOW COLUMNS FROM business_config LIKE 'meta_access_token'","service":"meta-auth","timestamp":"2026-04-01T10:59:30.832Z"}
{"level":"warn","message":"[DB] Database disabled or pool unavailable — query skipped: ALTER TABLE business_config ADD COLUMN meta_access_token TEXT, ADD COLUMN meta_a","service":"meta-auth","timestamp":"2026-04-01T10:59:30.833Z"}
{"level":"warn","message":"[DB] Database disabled or pool unavailable — query skipped: SELECT * FROM user_facebook_pages WHERE business_id = ?","service":"meta-auth","timestamp":"2026-04-01T10:59:30.833Z"}
{"level":"warn","message":"[DB] Database disabled or pool unavailable — query skipped: INSERT INTO business_config (id, owner_name, business_name, primary_objective, c","service":"meta-auth","timestamp":"2026-04-01T10:59:30.849Z"}
{"level":"warn","message":"[DB] Database disabled or pool unavailable — query skipped: SHOW COLUMNS FROM business_config LIKE 'meta_access_token'","service":"meta-auth","timestamp":"2026-04-01T10:59:30.850Z"}
{"level":"warn","message":"[DB] Database disabled or pool unavailable — query skipped: ALTER TABLE business_config ADD COLUMN meta_access_token TEXT, ADD COLUMN meta_a","service":"meta-auth","timestamp":"2026-04-01T10:59:30.850Z"}
{"level":"warn","message":"[DB] Database disabled or pool unavailable — query skipped: SELECT fb_email, access_token, success_count, fail_count, last_error, last_login","service":"meta-auth","timestamp":"2026-04-01T10:59:30.850Z"}
{"level":"warn","message":"[DB] Database disabled or pool unavailable — query skipped: INSERT INTO business_config (id, owner_name, business_name, primary_objective, c","service":"meta-auth","timestamp":"2026-04-01T10:59:30.850Z"}
{"level":"warn","message":"[DB] Database disabled or pool unavailable — query skipped: SHOW COLUMNS FROM business_config LIKE 'meta_access_token'","service":"meta-auth","timestamp":"2026-04-01T10:59:30.851Z"}
{"level":"warn","message":"[DB] Database disabled or pool unavailable — query skipped: ALTER TABLE business_config ADD COLUMN meta_access_token TEXT, ADD COLUMN meta_a","service":"meta-auth","timestamp":"2026-04-01T10:59:30.851Z"}
{"level":"warn","message":"[DB] Database disabled or pool unavailable — query skipped: SELECT * FROM user_facebook_pages WHERE business_id = ?","service":"meta-auth","timestamp":"2026-04-01T10:59:30.851Z"}
{"level":"warn","message":"[DB] Database disabled or pool unavailable — query skipped: INSERT INTO business_config (id, owner_name, business_name, primary_objective, c","service":"meta-auth","timestamp":"2026-04-01T10:59:30.866Z"}
{"level":"warn","message":"[DB] Database disabled or pool unavailable — query skipped: SHOW COLUMNS FROM business_config LIKE 'meta_access_token'","service":"meta-auth","timestamp":"2026-04-01T10:59:30.866Z"}
{"level":"warn","message":"[DB] Database disabled or pool unavailable — query skipped: ALTER TABLE business_config ADD COLUMN meta_access_token TEXT, ADD COLUMN meta_a","service":"meta-auth","timestamp":"2026-04-01T10:59:30.867Z"}
{"level":"warn","message":"[DB] Database disabled or pool unavailable — query skipped: SELECT fb_email, access_token, success_count, fail_count, last_error, last_login","service":"meta-auth","timestamp":"2026-04-01T10:59:30.867Z"}
{"level":"warn","message":"[DB] Database disabled or pool unavailable — query skipped: INSERT INTO business_config (id, owner_name, business_name, primary_objective, c","service":"meta-auth","timestamp":"2026-04-01T10:59:30.867Z"}
{"level":"warn","message":"[DB] Database disabled or pool unavailable — query skipped: SHOW COLUMNS FROM business_config LIKE 'meta_access_token'","service":"meta-auth","timestamp":"2026-04-01T10:59:30.867Z"}
{"level":"warn","message":"[DB] Database disabled or pool unavailable — query skipped: ALTER TABLE business_config ADD COLUMN meta_access_token TEXT, ADD COLUMN meta_a","service":"meta-auth","timestamp":"2026-04-01T10:59:30.867Z"}
{"level":"warn","message":"[DB] Database disabled or pool unavailable — query skipped: SELECT * FROM user_facebook_pages WHERE business_id = ?","service":"meta-auth","timestamp":"2026-04-01T10:59:30.867Z"}
{"level":"info","message":"[CRON] Initializing Meta Token Renewal Cron Job (every 12 hours).","service":"meta-auth","timestamp":"2026-04-01T16:48:38.955Z"}
{"level":"info","message":"[CRON] Initializing Meta Token Renewal Cron Job (every 12 hours).","service":"meta-auth","timestamp":"2026-04-01T16:50:47.679Z"}
{"level":"info","message":"[CRON START] Auto-renew token check started.","service":"meta-auth","timestamp":"2026-04-01T17:00:00.217Z"}
{"level":"info","message":"[CRON START] Auto-renew token check started.","service":"meta-auth","timestamp":"2026-04-01T17:00:00.219Z"}
{"level":"info","message":"[CRON] Found 0 business(es) with token expiring soon.","service":"meta-auth","timestamp":"2026-04-01T17:00:00.235Z"}
{"level":"info","message":"[CRON] Found 0 business(es) with token expiring soon.","service":"meta-auth","timestamp":"2026-04-01T17:00:00.245Z"}
{"level":"info","message":"[CRON] Initializing Meta Token Renewal Cron Job (every 12 hours).","service":"meta-auth","timestamp":"2026-04-02T05:24:52.082Z"}
{"level":"info","message":"[CRON] Initializing Meta Token Renewal Cron Job (every 12 hours).","service":"meta-auth","timestamp":"2026-04-02T05:38:08.813Z"}
{"level":"info","message":"[CRON] Initializing Meta Token Renewal Cron Job (every 12 hours).","service":"meta-auth","timestamp":"2026-04-02T06:37:23.694Z"}
{"level":"info","message":"[CRON] Initializing Meta Token Renewal Cron Job (every 12 hours).","service":"meta-auth","timestamp":"2026-04-03T07:54:55.297Z"}
{"level":"info","message":"[CRON] Initializing Meta Token Renewal Cron Job (every 12 hours).","service":"meta-auth","timestamp":"2026-04-03T08:40:13.927Z"}
{"level":"info","message":"[CRON] Initializing Meta Token Renewal Cron Job (every 12 hours).","service":"meta-auth","timestamp":"2026-04-03T08:41:21.673Z"}
{"level":"info","message":"[CRON] Initializing Meta Token Renewal Cron Job (every 12 hours).","service":"meta-auth","timestamp":"2026-04-03T15:40:48.335Z"}
{"level":"info","message":"[CRON] Initializing Meta Token Renewal Cron Job (every 12 hours).","service":"meta-auth","timestamp":"2026-04-03T15:44:05.062Z"}
{"level":"info","message":"[CRON START] Auto-renew token check started.","service":"meta-auth","timestamp":"2026-04-03T17:00:00.089Z"}
{"level":"info","message":"[CRON START] Auto-renew token check started.","service":"meta-auth","timestamp":"2026-04-03T17:00:00.096Z"}
{"level":"info","message":"[CRON] Found 0 business(es) with token expiring soon.","service":"meta-auth","timestamp":"2026-04-03T17:00:00.140Z"}
{"level":"info","message":"[CRON] Found 0 business(es) with token expiring soon.","service":"meta-auth","timestamp":"2026-04-03T17:00:00.146Z"}
{"level":"info","message":"[CRON] Initializing Meta Token Renewal Cron Job (every 12 hours).","service":"meta-auth","timestamp":"2026-04-03T17:55:14.003Z"}
{"level":"info","message":"[CRON] Initializing Meta Token Renewal Cron Job (every 12 hours).","service":"meta-auth","timestamp":"2026-04-03T17:55:43.100Z"}
{"level":"info","message":"[PAGE-CTX] Tier 1: selected page 1080451925143988","service":"meta-auth","timestamp":"2026-04-03T18:07:25.194Z"}
{"level":"info","message":"[TOKEN] Validation OK: id=1601981364285173 name=LÊ PHÁP","service":"meta-auth","timestamp":"2026-04-03T18:09:07.478Z"}
{"level":"info","message":"[PAGE-CTX] Tier 1: selected page 1080451925143988","service":"meta-auth","timestamp":"2026-04-03T18:09:49.116Z"}
{"level":"info","message":"[PAGE-CTX] Tier 1: selected page 1080451925143988","service":"meta-auth","timestamp":"2026-04-03T18:11:02.458Z"}
{"level":"info","message":"[PAGE-CTX] Tier 2: auto-select page 1080451925143988","service":"meta-auth","timestamp":"2026-04-03T18:17:31.992Z"}
{"level":"info","message":"[CRON] Initializing Meta Token Renewal Cron Job (every 12 hours).","service":"meta-auth","timestamp":"2026-04-05T07:07:19.381Z"}
{"level":"info","message":"[CRON] Initializing Meta Token Renewal Cron Job (every 12 hours).","service":"meta-auth","timestamp":"2026-04-05T07:16:10.074Z"}
{"level":"info","message":"[CRON] Initializing Meta Token Renewal Cron Job (every 12 hours).","service":"meta-auth","timestamp":"2026-04-05T11:03:02.406Z"}
{"level":"info","message":"[CRON] Initializing Meta Token Renewal Cron Job (every 12 hours).","service":"meta-auth","timestamp":"2026-04-05T11:08:15.401Z"}
{"level":"info","message":"[CRON] Initializing Meta Token Renewal Cron Job (every 12 hours).","service":"meta-auth","timestamp":"2026-04-05T16:45:12.366Z"}
{"level":"info","message":"[CRON] Initializing Meta Token Renewal Cron Job (every 12 hours).","service":"meta-auth","timestamp":"2026-04-06T04:24:46.481Z"}
{"level":"info","message":"[CRON START] Auto-renew token check started.","service":"meta-auth","timestamp":"2026-04-06T05:00:00.872Z"}
{"level":"info","message":"[CRON] Found 0 business(es) with token expiring soon.","service":"meta-auth","timestamp":"2026-04-06T05:00:00.884Z"}
{"level":"warn","message":"[DB] Database disabled or pool unavailable — query skipped: INSERT INTO business_config (id, owner_name, business_name, primary_objective, c","service":"meta-auth","timestamp":"2026-04-06T06:05:45.742Z"}
{"level":"warn","message":"[DB] Database disabled or pool unavailable — query skipped: SHOW COLUMNS FROM business_config LIKE 'meta_access_token'","service":"meta-auth","timestamp":"2026-04-06T06:05:45.745Z"}
{"level":"warn","message":"[DB] Database disabled or pool unavailable — query skipped: ALTER TABLE business_config ADD COLUMN meta_access_token TEXT, ADD COLUMN meta_a","service":"meta-auth","timestamp":"2026-04-06T06:05:45.746Z"}
{"level":"warn","message":"[DB] Database disabled or pool unavailable — query skipped: SELECT fb_email, access_token, success_count, fail_count, last_error, last_login","service":"meta-auth","timestamp":"2026-04-06T06:05:45.746Z"}
{"level":"warn","message":"[DB] Database disabled or pool unavailable — query skipped: INSERT INTO business_config (id, owner_name, business_name, primary_objective, c","service":"meta-auth","timestamp":"2026-04-06T06:05:45.747Z"}
{"level":"warn","message":"[DB] Database disabled or pool unavailable — query skipped: SHOW COLUMNS FROM business_config LIKE 'meta_access_token'","service":"meta-auth","timestamp":"2026-04-06T06:05:45.747Z"}
{"level":"warn","message":"[DB] Database disabled or pool unavailable — query skipped: ALTER TABLE business_config ADD COLUMN meta_access_token TEXT, ADD COLUMN meta_a","service":"meta-auth","timestamp":"2026-04-06T06:05:45.748Z"}
{"level":"warn","message":"[DB] Database disabled or pool unavailable — query skipped: SELECT * FROM user_facebook_pages WHERE business_id = ?","service":"meta-auth","timestamp":"2026-04-06T06:05:45.748Z"}
{"level":"warn","message":"[DB] Database disabled or pool unavailable — query skipped: INSERT INTO business_config (id, owner_name, business_name, primary_objective, c","service":"meta-auth","timestamp":"2026-04-06T06:05:45.749Z"}
{"level":"warn","message":"[DB] Database disabled or pool unavailable — query skipped: SHOW COLUMNS FROM business_config LIKE 'meta_access_token'","service":"meta-auth","timestamp":"2026-04-06T06:05:45.749Z"}
{"level":"warn","message":"[DB] Database disabled or pool unavailable — query skipped: ALTER TABLE business_config ADD COLUMN meta_access_token TEXT, ADD COLUMN meta_a","service":"meta-auth","timestamp":"2026-04-06T06:05:45.749Z"}
{"level":"warn","message":"[DB] Database disabled or pool unavailable — query skipped: SELECT category, insight, confidence_score as confidenceScore, created_at as cre","service":"meta-auth","timestamp":"2026-04-06T06:05:45.750Z"}
{"level":"warn","message":"[DB] Database disabled or pool unavailable — query skipped: INSERT INTO business_config (id, owner_name, business_name, primary_objective, c","service":"meta-auth","timestamp":"2026-04-06T06:05:45.783Z"}
{"level":"warn","message":"[DB] Database disabled or pool unavailable — query skipped: SHOW COLUMNS FROM business_config LIKE 'meta_access_token'","service":"meta-auth","timestamp":"2026-04-06T06:05:45.783Z"}
{"level":"warn","message":"[DB] Database disabled or pool unavailable — query skipped: ALTER TABLE business_config ADD COLUMN meta_access_token TEXT, ADD COLUMN meta_a","service":"meta-auth","timestamp":"2026-04-06T06:05:45.784Z"}
{"level":"warn","message":"[DB] Database disabled or pool unavailable — query skipped: SELECT fb_email, access_token, success_count, fail_count, last_error, last_login","service":"meta-auth","timestamp":"2026-04-06T06:05:45.784Z"}
{"level":"warn","message":"[DB] Database disabled or pool unavailable — query skipped: INSERT INTO business_config (id, owner_name, business_name, primary_objective, c","service":"meta-auth","timestamp":"2026-04-06T06:05:45.784Z"}
{"level":"warn","message":"[DB] Database disabled or pool unavailable — query skipped: SHOW COLUMNS FROM business_config LIKE 'meta_access_token'","service":"meta-auth","timestamp":"2026-04-06T06:05:45.784Z"}
{"level":"warn","message":"[DB] Database disabled or pool unavailable — query skipped: ALTER TABLE business_config ADD COLUMN meta_access_token TEXT, ADD COLUMN meta_a","service":"meta-auth","timestamp":"2026-04-06T06:05:45.785Z"}
{"level":"warn","message":"[DB] Database disabled or pool unavailable — query skipped: SELECT * FROM user_facebook_pages WHERE business_id = ?","service":"meta-auth","timestamp":"2026-04-06T06:05:45.785Z"}
{"level":"warn","message":"[DB] Database disabled or pool unavailable — query skipped: INSERT INTO business_config (id, owner_name, business_name, primary_objective, c","service":"meta-auth","timestamp":"2026-04-06T06:05:45.785Z"}
{"level":"warn","message":"[DB] Database disabled or pool unavailable — query skipped: SHOW COLUMNS FROM business_config LIKE 'meta_access_token'","service":"meta-auth","timestamp":"2026-04-06T06:05:45.785Z"}
{"level":"warn","message":"[DB] Database disabled or pool unavailable — query skipped: ALTER TABLE business_config ADD COLUMN meta_access_token TEXT, ADD COLUMN meta_a","service":"meta-auth","timestamp":"2026-04-06T06:05:45.786Z"}
{"level":"warn","message":"[DB] Database disabled or pool unavailable — query skipped: SELECT category, insight, confidence_score as confidenceScore, created_at as cre","service":"meta-auth","timestamp":"2026-04-06T06:05:45.786Z"}
{"level":"warn","message":"[DB] Database disabled or pool unavailable — query skipped: INSERT INTO business_config (id, owner_name, business_name, primary_objective, c","service":"meta-auth","timestamp":"2026-04-06T06:05:45.810Z"}
{"level":"warn","message":"[DB] Database disabled or pool unavailable — query skipped: SHOW COLUMNS FROM business_config LIKE 'meta_access_token'","service":"meta-auth","timestamp":"2026-04-06T06:05:45.810Z"}
{"level":"warn","message":"[DB] Database disabled or pool unavailable — query skipped: ALTER TABLE business_config ADD COLUMN meta_access_token TEXT, ADD COLUMN meta_a","service":"meta-auth","timestamp":"2026-04-06T06:05:45.810Z"}
{"level":"warn","message":"[DB] Database disabled or pool unavailable — query skipped: SELECT fb_email, access_token, success_count, fail_count, last_error, last_login","service":"meta-auth","timestamp":"2026-04-06T06:05:45.811Z"}
{"level":"warn","message":"[DB] Database disabled or pool unavailable — query skipped: INSERT INTO business_config (id, owner_name, business_name, primary_objective, c","service":"meta-auth","timestamp":"2026-04-06T06:05:45.811Z"}
{"level":"warn","message":"[DB] Database disabled or pool unavailable — query skipped: SHOW COLUMNS FROM business_config LIKE 'meta_access_token'","service":"meta-auth","timestamp":"2026-04-06T06:05:45.811Z"}
{"level":"warn","message":"[DB] Database disabled or pool unavailable — query skipped: ALTER TABLE business_config ADD COLUMN meta_access_token TEXT, ADD COLUMN meta_a","service":"meta-auth","timestamp":"2026-04-06T06:05:45.811Z"}
{"level":"warn","message":"[DB] Database disabled or pool unavailable — query skipped: SELECT * FROM user_facebook_pages WHERE business_id = ?","service":"meta-auth","timestamp":"2026-04-06T06:05:45.811Z"}
{"level":"warn","message":"[DB] Database disabled or pool unavailable — query skipped: INSERT INTO business_config (id, owner_name, business_name, primary_objective, c","service":"meta-auth","timestamp":"2026-04-06T06:05:45.812Z"}
{"level":"warn","message":"[DB] Database disabled or pool unavailable — query skipped: SHOW COLUMNS FROM business_config LIKE 'meta_access_token'","service":"meta-auth","timestamp":"2026-04-06T06:05:45.812Z"}
{"level":"warn","message":"[DB] Database disabled or pool unavailable — query skipped: ALTER TABLE business_config ADD COLUMN meta_access_token TEXT, ADD COLUMN meta_a","service":"meta-auth","timestamp":"2026-04-06T06:05:45.812Z"}
{"level":"warn","message":"[DB] Database disabled or pool unavailable — query skipped: SELECT category, insight, confidence_score as confidenceScore, created_at as cre","service":"meta-auth","timestamp":"2026-04-06T06:05:45.812Z"}
{"level":"warn","message":"[PIXEL_HEALTH] No Pixel ID provided or found. Skipping health check.","service":"meta-auth","timestamp":"2026-04-06T06:05:45.815Z"}
{"level":"warn","message":"[DB] Database disabled or pool unavailable — query skipped: INSERT INTO business_config (id, owner_name, business_name, primary_objective, c","service":"meta-auth","timestamp":"2026-04-06T06:05:45.848Z"}
{"level":"warn","message":"[DB] Database disabled or pool unavailable — query skipped: SHOW COLUMNS FROM business_config LIKE 'meta_access_token'","service":"meta-auth","timestamp":"2026-04-06T06:05:45.848Z"}
{"level":"warn","message":"[DB] Database disabled or pool unavailable — query skipped: ALTER TABLE business_config ADD COLUMN meta_access_token TEXT, ADD COLUMN meta_a","service":"meta-auth","timestamp":"2026-04-06T06:05:45.848Z"}
{"level":"warn","message":"[DB] Database disabled or pool unavailable — query skipped: SELECT fb_email, access_token, success_count, fail_count, last_error, last_login","service":"meta-auth","timestamp":"2026-04-06T06:05:45.849Z"}
{"level":"warn","message":"[DB] Database disabled or pool unavailable — query skipped: INSERT INTO business_config (id, owner_name, business_name, primary_objective, c","service":"meta-auth","timestamp":"2026-04-06T06:05:45.849Z"}
{"level":"warn","message":"[DB] Database disabled or pool unavailable — query skipped: SHOW COLUMNS FROM business_config LIKE 'meta_access_token'","service":"meta-auth","timestamp":"2026-04-06T06:05:45.849Z"}
{"level":"warn","message":"[DB] Database disabled or pool unavailable — query skipped: ALTER TABLE business_config ADD COLUMN meta_access_token TEXT, ADD COLUMN meta_a","service":"meta-auth","timestamp":"2026-04-06T06:05:45.849Z"}
{"level":"warn","message":"[DB] Database disabled or pool unavailable — query skipped: SELECT * FROM user_facebook_pages WHERE business_id = ?","service":"meta-auth","timestamp":"2026-04-06T06:05:45.849Z"}
{"level":"warn","message":"[DB] Database disabled or pool unavailable — query skipped: INSERT INTO business_config (id, owner_name, business_name, primary_objective, c","service":"meta-auth","timestamp":"2026-04-06T06:05:45.850Z"}
{"level":"warn","message":"[DB] Database disabled or pool unavailable — query skipped: SHOW COLUMNS FROM business_config LIKE 'meta_access_token'","service":"meta-auth","timestamp":"2026-04-06T06:05:45.850Z"}
{"level":"warn","message":"[DB] Database disabled or pool unavailable — query skipped: ALTER TABLE business_config ADD COLUMN meta_access_token TEXT, ADD COLUMN meta_a","service":"meta-auth","timestamp":"2026-04-06T06:05:45.850Z"}
{"level":"warn","message":"[DB] Database disabled or pool unavailable — query skipped: SELECT category, insight, confidence_score as confidenceScore, created_at as cre","service":"meta-auth","timestamp":"2026-04-06T06:05:45.850Z"}
{"level":"warn","message":"[DB] Database disabled or pool unavailable — query skipped: INSERT INTO business_config (id, owner_name, business_name, primary_objective, c","service":"meta-auth","timestamp":"2026-04-06T06:05:45.866Z"}
{"level":"warn","message":"[DB] Database disabled or pool unavailable — query skipped: SHOW COLUMNS FROM business_config LIKE 'meta_access_token'","service":"meta-auth","timestamp":"2026-04-06T06:05:45.867Z"}
{"level":"warn","message":"[DB] Database disabled or pool unavailable — query skipped: ALTER TABLE business_config ADD COLUMN meta_access_token TEXT, ADD COLUMN meta_a","service":"meta-auth","timestamp":"2026-04-06T06:05:45.867Z"}
{"level":"warn","message":"[DB] Database disabled or pool unavailable — query skipped: SELECT fb_email, access_token, success_count, fail_count, last_error, last_login","service":"meta-auth","timestamp":"2026-04-06T06:05:45.867Z"}
{"level":"warn","message":"[DB] Database disabled or pool unavailable — query skipped: INSERT INTO business_config (id, owner_name, business_name, primary_objective, c","service":"meta-auth","timestamp":"2026-04-06T06:05:45.867Z"}
{"level":"warn","message":"[DB] Database disabled or pool unavailable — query skipped: SHOW COLUMNS FROM business_config LIKE 'meta_access_token'","service":"meta-auth","timestamp":"2026-04-06T06:05:45.867Z"}
{"level":"warn","message":"[DB] Database disabled or pool unavailable — query skipped: ALTER TABLE business_config ADD COLUMN meta_access_token TEXT, ADD COLUMN meta_a","service":"meta-auth","timestamp":"2026-04-06T06:05:45.868Z"}
{"level":"warn","message":"[DB] Database disabled or pool unavailable — query skipped: SELECT * FROM user_facebook_pages WHERE business_id = ?","service":"meta-auth","timestamp":"2026-04-06T06:05:45.868Z"}
{"level":"warn","message":"[DB] Database disabled or pool unavailable — query skipped: INSERT INTO business_config (id, owner_name, business_name, primary_objective, c","service":"meta-auth","timestamp":"2026-04-06T06:05:45.868Z"}
{"level":"warn","message":"[DB] Database disabled or pool unavailable — query skipped: SHOW COLUMNS FROM business_config LIKE 'meta_access_token'","service":"meta-auth","timestamp":"2026-04-06T06:05:45.868Z"}
{"level":"warn","message":"[DB] Database disabled or pool unavailable — query skipped: ALTER TABLE business_config ADD COLUMN meta_access_token TEXT, ADD COLUMN meta_a","service":"meta-auth","timestamp":"2026-04-06T06:05:45.869Z"}
{"level":"warn","message":"[DB] Database disabled or pool unavailable — query skipped: SELECT category, insight, confidence_score as confidenceScore, created_at as cre","service":"meta-auth","timestamp":"2026-04-06T06:05:45.869Z"}
{"level":"warn","message":"[DB] Database disabled or pool unavailable — query skipped: INSERT INTO business_config (id, owner_name, business_name, primary_objective, c","service":"meta-auth","timestamp":"2026-04-06T06:05:45.886Z"}
{"level":"warn","message":"[DB] Database disabled or pool unavailable — query skipped: SHOW COLUMNS FROM business_config LIKE 'meta_access_token'","service":"meta-auth","timestamp":"2026-04-06T06:05:45.886Z"}
{"level":"warn","message":"[DB] Database disabled or pool unavailable — query skipped: ALTER TABLE business_config ADD COLUMN meta_access_token TEXT, ADD COLUMN meta_a","service":"meta-auth","timestamp":"2026-04-06T06:05:45.886Z"}
{"level":"warn","message":"[DB] Database disabled or pool unavailable — query skipped: SELECT fb_email, access_token, success_count, fail_count, last_error, last_login","service":"meta-auth","timestamp":"2026-04-06T06:05:45.886Z"}
{"level":"warn","message":"[DB] Database disabled or pool unavailable — query skipped: INSERT INTO business_config (id, owner_name, business_name, primary_objective, c","service":"meta-auth","timestamp":"2026-04-06T06:05:45.887Z"}
{"level":"warn","message":"[DB] Database disabled or pool unavailable — query skipped: SHOW COLUMNS FROM business_config LIKE 'meta_access_token'","service":"meta-auth","timestamp":"2026-04-06T06:05:45.887Z"}
{"level":"warn","message":"[DB] Database disabled or pool unavailable — query skipped: ALTER TABLE business_config ADD COLUMN meta_access_token TEXT, ADD COLUMN meta_a","service":"meta-auth","timestamp":"2026-04-06T06:05:45.887Z"}
{"level":"warn","message":"[DB] Database disabled or pool unavailable — query skipped: SELECT * FROM user_facebook_pages WHERE business_id = ?","service":"meta-auth","timestamp":"2026-04-06T06:05:45.887Z"}
{"level":"warn","message":"[DB] Database disabled or pool unavailable — query skipped: INSERT INTO business_config (id, owner_name, business_name, primary_objective, c","service":"meta-auth","timestamp":"2026-04-06T06:05:45.888Z"}
{"level":"warn","message":"[DB] Database disabled or pool unavailable — query skipped: SHOW COLUMNS FROM business_config LIKE 'meta_access_token'","service":"meta-auth","timestamp":"2026-04-06T06:05:45.888Z"}
{"level":"warn","message":"[DB] Database disabled or pool unavailable — query skipped: ALTER TABLE business_config ADD COLUMN meta_access_token TEXT, ADD COLUMN meta_a","service":"meta-auth","timestamp":"2026-04-06T06:05:45.888Z"}
{"level":"warn","message":"[DB] Database disabled or pool unavailable — query skipped: SELECT category, insight, confidence_score as confidenceScore, created_at as cre","service":"meta-auth","timestamp":"2026-04-06T06:05:45.888Z"}
{"level":"info","message":"[MEMORY-ENGINE] Silent reflection on feedback: \"Tăng tập trung vào nhóm retargeting hôm nay\"","service":"meta-auth","timestamp":"2026-04-06T06:05:45.893Z"}
{"level":"warn","message":"[DB] Database disabled or pool unavailable — query skipped: INSERT INTO business_config (id, owner_name, business_name, primary_objective, c","service":"meta-auth","timestamp":"2026-04-06T06:05:45.910Z"}
{"level":"warn","message":"[DB] Database disabled or pool unavailable — query skipped: SHOW COLUMNS FROM business_config LIKE 'meta_access_token'","service":"meta-auth","timestamp":"2026-04-06T06:05:45.910Z"}
{"level":"warn","message":"[DB] Database disabled or pool unavailable — query skipped: ALTER TABLE business_config ADD COLUMN meta_access_token TEXT, ADD COLUMN meta_a","service":"meta-auth","timestamp":"2026-04-06T06:05:45.910Z"}
{"level":"warn","message":"[DB] Database disabled or pool unavailable — query skipped: SELECT fb_email, access_token, success_count, fail_count, last_error, last_login","service":"meta-auth","timestamp":"2026-04-06T06:05:45.910Z"}
{"level":"warn","message":"[DB] Database disabled or pool unavailable — query skipped: INSERT INTO business_config (id, owner_name, business_name, primary_objective, c","service":"meta-auth","timestamp":"2026-04-06T06:05:45.910Z"}
{"level":"warn","message":"[DB] Database disabled or pool unavailable — query skipped: SHOW COLUMNS FROM business_config LIKE 'meta_access_token'","service":"meta-auth","timestamp":"2026-04-06T06:05:45.911Z"}
{"level":"warn","message":"[DB] Database disabled or pool unavailable — query skipped: ALTER TABLE business_config ADD COLUMN meta_access_token TEXT, ADD COLUMN meta_a","service":"meta-auth","timestamp":"2026-04-06T06:05:45.911Z"}
{"level":"warn","message":"[DB] Database disabled or pool unavailable — query skipped: SELECT * FROM user_facebook_pages WHERE business_id = ?","service":"meta-auth","timestamp":"2026-04-06T06:05:45.911Z"}
{"level":"warn","message":"[DB] Database disabled or pool unavailable — query skipped: INSERT INTO business_config (id, owner_name, business_name, primary_objective, c","service":"meta-auth","timestamp":"2026-04-06T06:05:45.911Z"}
{"level":"warn","message":"[DB] Database disabled or pool unavailable — query skipped: SHOW COLUMNS FROM business_config LIKE 'meta_access_token'","service":"meta-auth","timestamp":"2026-04-06T06:05:45.912Z"}
{"level":"warn","message":"[DB] Database disabled or pool unavailable — query skipped: ALTER TABLE business_config ADD COLUMN meta_access_token TEXT, ADD COLUMN meta_a","service":"meta-auth","timestamp":"2026-04-06T06:05:45.912Z"}
{"level":"warn","message":"[DB] Database disabled or pool unavailable — query skipped: SELECT category, insight, confidence_score as confidenceScore, created_at as cre","service":"meta-auth","timestamp":"2026-04-06T06:05:45.912Z"}
{"level":"warn","message":"[DB] Database disabled or pool unavailable — query skipped: INSERT INTO business_config (id, owner_name, business_name, primary_objective, c","service":"meta-auth","timestamp":"2026-04-06T06:05:45.926Z"}
{"level":"warn","message":"[DB] Database disabled or pool unavailable — query skipped: SHOW COLUMNS FROM business_config LIKE 'meta_access_token'","service":"meta-auth","timestamp":"2026-04-06T06:05:45.926Z"}
{"level":"warn","message":"[DB] Database disabled or pool unavailable — query skipped: ALTER TABLE business_config ADD COLUMN meta_access_token TEXT, ADD COLUMN meta_a","service":"meta-auth","timestamp":"2026-04-06T06:05:45.927Z"}
{"level":"warn","message":"[DB] Database disabled or pool unavailable — query skipped: SELECT fb_email, access_token, success_count, fail_count, last_error, last_login","service":"meta-auth","timestamp":"2026-04-06T06:05:45.927Z"}
{"level":"warn","message":"[DB] Database disabled or pool unavailable — query skipped: INSERT INTO business_config (id, owner_name, business_name, primary_objective, c","service":"meta-auth","timestamp":"2026-04-06T06:05:45.927Z"}
{"level":"warn","message":"[DB] Database disabled or pool unavailable — query skipped: SHOW COLUMNS FROM business_config LIKE 'meta_access_token'","service":"meta-auth","timestamp":"2026-04-06T06:05:45.927Z"}
{"level":"warn","message":"[DB] Database disabled or pool unavailable — query skipped: ALTER TABLE business_config ADD COLUMN meta_access_token TEXT, ADD COLUMN meta_a","service":"meta-auth","timestamp":"2026-04-06T06:05:45.927Z"}
{"level":"warn","message":"[DB] Database disabled or pool unavailable — query skipped: SELECT * FROM user_facebook_pages WHERE business_id = ?","service":"meta-auth","timestamp":"2026-04-06T06:05:45.927Z"}
{"level":"warn","message":"[DB] Database disabled or pool unavailable — query skipped: INSERT INTO business_config (id, owner_name, business_name, primary_objective, c","service":"meta-auth","timestamp":"2026-04-06T06:05:45.928Z"}
{"level":"warn","message":"[DB] Database disabled or pool unavailable — query skipped: SHOW COLUMNS FROM business_config LIKE 'meta_access_token'","service":"meta-auth","timestamp":"2026-04-06T06:05:45.928Z"}
{"level":"warn","message":"[DB] Database disabled or pool unavailable — query skipped: ALTER TABLE business_config ADD COLUMN meta_access_token TEXT, ADD COLUMN meta_a","service":"meta-auth","timestamp":"2026-04-06T06:05:45.928Z"}
{"level":"warn","message":"[DB] Database disabled or pool unavailable — query skipped: SELECT category, insight, confidence_score as confidenceScore, created_at as cre","service":"meta-auth","timestamp":"2026-04-06T06:05:45.928Z"}
{"level":"warn","message":"[DB] Database disabled or pool unavailable — query skipped: INSERT INTO business_config (id, owner_name, business_name, primary_objective, c","service":"meta-auth","timestamp":"2026-04-06T06:05:45.944Z"}
{"level":"warn","message":"[DB] Database disabled or pool unavailable — query skipped: SHOW COLUMNS FROM business_config LIKE 'meta_access_token'","service":"meta-auth","timestamp":"2026-04-06T06:05:45.945Z"}
{"level":"warn","message":"[DB] Database disabled or pool unavailable — query skipped: ALTER TABLE business_config ADD COLUMN meta_access_token TEXT, ADD COLUMN meta_a","service":"meta-auth","timestamp":"2026-04-06T06:05:45.945Z"}
{"level":"warn","message":"[DB] Database disabled or pool unavailable — query skipped: SELECT fb_email, access_token, success_count, fail_count, last_error, last_login","service":"meta-auth","timestamp":"2026-04-06T06:05:45.945Z"}
{"level":"warn","message":"[DB] Database disabled or pool unavailable — query skipped: INSERT INTO business_config (id, owner_name, business_name, primary_objective, c","service":"meta-auth","timestamp":"2026-04-06T06:05:45.945Z"}
{"level":"warn","message":"[DB] Database disabled or pool unavailable — query skipped: SHOW COLUMNS FROM business_config LIKE 'meta_access_token'","service":"meta-auth","timestamp":"2026-04-06T06:05:45.946Z"}
{"level":"warn","message":"[DB] Database disabled or pool unavailable — query skipped: ALTER TABLE business_config ADD COLUMN meta_access_token TEXT, ADD COLUMN meta_a","service":"meta-auth","timestamp":"2026-04-06T06:05:45.946Z"}
{"level":"warn","message":"[DB] Database disabled or pool unavailable — query skipped: SELECT * FROM user_facebook_pages WHERE business_id = ?","service":"meta-auth","timestamp":"2026-04-06T06:05:45.946Z"}
{"level":"warn","message":"[DB] Database disabled or pool unavailable — query skipped: INSERT INTO business_config (id, owner_name, business_name, primary_objective, c","service":"meta-auth","timestamp":"2026-04-06T06:05:45.946Z"}
{"level":"warn","message":"[DB] Database disabled or pool unavailable — query skipped: SHOW COLUMNS FROM business_config LIKE 'meta_access_token'","service":"meta-auth","timestamp":"2026-04-06T06:05:45.947Z"}
{"level":"warn","message":"[DB] Database disabled or pool unavailable — query skipped: ALTER TABLE business_config ADD COLUMN meta_access_token TEXT, ADD COLUMN meta_a","service":"meta-auth","timestamp":"2026-04-06T06:05:45.947Z"}
{"level":"warn","message":"[DB] Database disabled or pool unavailable — query skipped: SELECT category, insight, confidence_score as confidenceScore, created_at as cre","service":"meta-auth","timestamp":"2026-04-06T06:05:45.947Z"}
{"level":"warn","message":"[DB] Database disabled or pool unavailable — query skipped: INSERT INTO business_config (id, owner_name, business_name, primary_objective, c","service":"meta-auth","timestamp":"2026-04-06T06:05:45.981Z"}
{"level":"warn","message":"[DB] Database disabled or pool unavailable — query skipped: SHOW COLUMNS FROM business_config LIKE 'meta_access_token'","service":"meta-auth","timestamp":"2026-04-06T06:05:45.982Z"}
{"level":"warn","message":"[DB] Database disabled or pool unavailable — query skipped: ALTER TABLE business_config ADD COLUMN meta_access_token TEXT, ADD COLUMN meta_a","service":"meta-auth","timestamp":"2026-04-06T06:05:45.982Z"}
{"level":"warn","message":"[DB] Database disabled or pool unavailable — query skipped: SELECT fb_email, access_token, success_count, fail_count, last_error, last_login","service":"meta-auth","timestamp":"2026-04-06T06:05:45.982Z"}
{"level":"warn","message":"[DB] Database disabled or pool unavailable — query skipped: INSERT INTO business_config (id, owner_name, business_name, primary_objective, c","service":"meta-auth","timestamp":"2026-04-06T06:05:45.982Z"}
{"level":"warn","message":"[DB] Database disabled or pool unavailable — query skipped: SHOW COLUMNS FROM business_config LIKE 'meta_access_token'","service":"meta-auth","timestamp":"2026-04-06T06:05:45.983Z"}
{"level":"warn","message":"[DB] Database disabled or pool unavailable — query skipped: ALTER TABLE business_config ADD COLUMN meta_access_token TEXT, ADD COLUMN meta_a","service":"meta-auth","timestamp":"2026-04-06T06:05:45.983Z"}
{"level":"warn","message":"[DB] Database disabled or pool unavailable — query skipped: SELECT * FROM user_facebook_pages WHERE business_id = ?","service":"meta-auth","timestamp":"2026-04-06T06:05:45.983Z"}
{"level":"warn","message":"[DB] Database disabled or pool unavailable — query skipped: INSERT INTO business_config (id, owner_name, business_name, primary_objective, c","service":"meta-auth","timestamp":"2026-04-06T06:05:45.983Z"}
{"level":"warn","message":"[DB] Database disabled or pool unavailable — query skipped: SHOW COLUMNS FROM business_config LIKE 'meta_access_token'","service":"meta-auth","timestamp":"2026-04-06T06:05:45.983Z"}
{"level":"warn","message":"[DB] Database disabled or pool unavailable — query skipped: ALTER TABLE business_config ADD COLUMN meta_access_token TEXT, ADD COLUMN meta_a","service":"meta-auth","timestamp":"2026-04-06T06:05:45.984Z"}
{"level":"warn","message":"[DB] Database disabled or pool unavailable — query skipped: SELECT category, insight, confidence_score as confidenceScore, created_at as cre","service":"meta-auth","timestamp":"2026-04-06T06:05:45.984Z"}
{"level":"warn","message":"[DB] Database disabled or pool unavailable — query skipped: INSERT INTO business_config (id, owner_name, business_name, primary_objective, c","service":"meta-auth","timestamp":"2026-04-06T06:05:45.999Z"}
{"level":"warn","message":"[DB] Database disabled or pool unavailable — query skipped: SHOW COLUMNS FROM business_config LIKE 'meta_access_token'","service":"meta-auth","timestamp":"2026-04-06T06:05:45.999Z"}
{"level":"warn","message":"[DB] Database disabled or pool unavailable — query skipped: ALTER TABLE business_config ADD COLUMN meta_access_token TEXT, ADD COLUMN meta_a","service":"meta-auth","timestamp":"2026-04-06T06:05:45.999Z"}
{"level":"warn","message":"[DB] Database disabled or pool unavailable — query skipped: SELECT fb_email, access_token, success_count, fail_count, last_error, last_login","service":"meta-auth","timestamp":"2026-04-06T06:05:45.999Z"}
{"level":"warn","message":"[DB] Database disabled or pool unavailable — query skipped: INSERT INTO business_config (id, owner_name, business_name, primary_objective, c","service":"meta-auth","timestamp":"2026-04-06T06:05:46.000Z"}
{"level":"warn","message":"[DB] Database disabled or pool unavailable — query skipped: SHOW COLUMNS FROM business_config LIKE 'meta_access_token'","service":"meta-auth","timestamp":"2026-04-06T06:05:46.000Z"}
{"level":"warn","message":"[DB] Database disabled or pool unavailable — query skipped: ALTER TABLE business_config ADD COLUMN meta_access_token TEXT, ADD COLUMN meta_a","service":"meta-auth","timestamp":"2026-04-06T06:05:46.000Z"}
{"level":"warn","message":"[DB] Database disabled or pool unavailable — query skipped: SELECT * FROM user_facebook_pages WHERE business_id = ?","service":"meta-auth","timestamp":"2026-04-06T06:05:46.000Z"}
{"level":"warn","message":"[DB] Database disabled or pool unavailable — query skipped: INSERT INTO business_config (id, owner_name, business_name, primary_objective, c","service":"meta-auth","timestamp":"2026-04-06T06:05:46.000Z"}
{"level":"warn","message":"[DB] Database disabled or pool unavailable — query skipped: SHOW COLUMNS FROM business_config LIKE 'meta_access_token'","service":"meta-auth","timestamp":"2026-04-06T06:05:46.001Z"}
{"level":"warn","message":"[DB] Database disabled or pool unavailable — query skipped: ALTER TABLE business_config ADD COLUMN meta_access_token TEXT, ADD COLUMN meta_a","service":"meta-auth","timestamp":"2026-04-06T06:05:46.001Z"}
{"level":"warn","message":"[DB] Database disabled or pool unavailable — query skipped: SELECT category, insight, confidence_score as confidenceScore, created_at as cre","service":"meta-auth","timestamp":"2026-04-06T06:05:46.001Z"}
{"level":"info","message":"[CRON] Initializing Meta Token Renewal Cron Job (every 12 hours).","service":"meta-auth","timestamp":"2026-04-06T06:09:59.166Z"}
{"level":"info","message":"[CRON] Initializing Meta Token Renewal Cron Job (every 12 hours).","service":"meta-auth","timestamp":"2026-04-06T06:10:33.246Z"}
{"level":"warn","message":"[DB] Database disabled or pool unavailable — query skipped: INSERT INTO business_config (id, owner_name, business_name, primary_objective, c","service":"meta-auth","timestamp":"2026-04-06T06:11:22.853Z"}
{"level":"warn","message":"[DB] Database disabled or pool unavailable — query skipped: SHOW COLUMNS FROM business_config LIKE 'meta_access_token'","service":"meta-auth","timestamp":"2026-04-06T06:11:22.857Z"}
{"level":"warn","message":"[DB] Database disabled or pool unavailable — query skipped: ALTER TABLE business_config ADD COLUMN meta_access_token TEXT, ADD COLUMN meta_a","service":"meta-auth","timestamp":"2026-04-06T06:11:22.858Z"}
{"level":"warn","message":"[DB] Database disabled or pool unavailable — query skipped: SELECT fb_email, access_token, success_count, fail_count, last_error, last_login","service":"meta-auth","timestamp":"2026-04-06T06:11:22.858Z"}
{"level":"warn","message":"[DB] Database disabled or pool unavailable — query skipped: INSERT INTO business_config (id, owner_name, business_name, primary_objective, c","service":"meta-auth","timestamp":"2026-04-06T06:11:22.859Z"}
{"level":"warn","message":"[DB] Database disabled or pool unavailable — query skipped: SHOW COLUMNS FROM business_config LIKE 'meta_access_token'","service":"meta-auth","timestamp":"2026-04-06T06:11:22.859Z"}
{"level":"warn","message":"[DB] Database disabled or pool unavailable — query skipped: ALTER TABLE business_config ADD COLUMN meta_access_token TEXT, ADD COLUMN meta_a","service":"meta-auth","timestamp":"2026-04-06T06:11:22.860Z"}
{"level":"warn","message":"[DB] Database disabled or pool unavailable — query skipped: SELECT * FROM user_facebook_pages WHERE business_id = ?","service":"meta-auth","timestamp":"2026-04-06T06:11:22.860Z"}
{"level":"warn","message":"[DB] Database disabled or pool unavailable — query skipped: INSERT INTO business_config (id, owner_name, business_name, primary_objective, c","service":"meta-auth","timestamp":"2026-04-06T06:11:22.861Z"}
{"level":"warn","message":"[DB] Database disabled or pool unavailable — query skipped: SHOW COLUMNS FROM business_config LIKE 'meta_access_token'","service":"meta-auth","timestamp":"2026-04-06T06:11:22.861Z"}
{"level":"warn","message":"[DB] Database disabled or pool unavailable — query skipped: ALTER TABLE business_config ADD COLUMN meta_access_token TEXT, ADD COLUMN meta_a","service":"meta-auth","timestamp":"2026-04-06T06:11:22.862Z"}
{"level":"warn","message":"[DB] Database disabled or pool unavailable — query skipped: SELECT category, insight, confidence_score as confidenceScore, created_at as cre","service":"meta-auth","timestamp":"2026-04-06T06:11:22.862Z"}
{"level":"warn","message":"[DB] Database disabled or pool unavailable — query skipped: INSERT INTO business_config (id, owner_name, business_name, primary_objective, c","service":"meta-auth","timestamp":"2026-04-06T06:11:22.897Z"}
{"level":"warn","message":"[DB] Database disabled or pool unavailable — query skipped: SHOW COLUMNS FROM business_config LIKE 'meta_access_token'","service":"meta-auth","timestamp":"2026-04-06T06:11:22.898Z"}
{"level":"warn","message":"[DB] Database disabled or pool unavailable — query skipped: ALTER TABLE business_config ADD COLUMN meta_access_token TEXT, ADD COLUMN meta_a","service":"meta-auth","timestamp":"2026-04-06T06:11:22.898Z"}
{"level":"warn","message":"[DB] Database disabled or pool unavailable — query skipped: SELECT fb_email, access_token, success_count, fail_count, last_error, last_login","service":"meta-auth","timestamp":"2026-04-06T06:11:22.898Z"}
{"level":"warn","message":"[DB] Database disabled or pool unavailable — query skipped: INSERT INTO business_config (id, owner_name, business_name, primary_objective, c","service":"meta-auth","timestamp":"2026-04-06T06:11:22.899Z"}
{"level":"warn","message":"[DB] Database disabled or pool unavailable — query skipped: SHOW COLUMNS FROM business_config LIKE 'meta_access_token'","service":"meta-auth","timestamp":"2026-04-06T06:11:22.899Z"}
{"level":"warn","message":"[DB] Database disabled or pool unavailable — query skipped: ALTER TABLE business_config ADD COLUMN meta_access_token TEXT, ADD COLUMN meta_a","service":"meta-auth","timestamp":"2026-04-06T06:11:22.900Z"}
{"level":"warn","message":"[DB] Database disabled or pool unavailable — query skipped: SELECT * FROM user_facebook_pages WHERE business_id = ?","service":"meta-auth","timestamp":"2026-04-06T06:11:22.900Z"}
{"level":"warn","message":"[DB] Database disabled or pool unavailable — query skipped: INSERT INTO business_config (id, owner_name, business_name, primary_objective, c","service":"meta-auth","timestamp":"2026-04-06T06:11:22.901Z"}
{"level":"warn","message":"[DB] Database disabled or pool unavailable — query skipped: SHOW COLUMNS FROM business_config LIKE 'meta_access_token'","service":"meta-auth","timestamp":"2026-04-06T06:11:22.901Z"}
{"level":"warn","message":"[DB] Database disabled or pool unavailable — query skipped: ALTER TABLE business_config ADD COLUMN meta_access_token TEXT, ADD COLUMN meta_a","service":"meta-auth","timestamp":"2026-04-06T06:11:22.902Z"}
{"level":"warn","message":"[DB] Database disabled or pool unavailable — query skipped: SELECT category, insight, confidence_score as confidenceScore, created_at as cre","service":"meta-auth","timestamp":"2026-04-06T06:11:22.902Z"}
{"level":"warn","message":"[DB] Database disabled or pool unavailable — query skipped: INSERT INTO business_config (id, owner_name, business_name, primary_objective, c","service":"meta-auth","timestamp":"2026-04-06T06:11:22.939Z"}
{"level":"warn","message":"[DB] Database disabled or pool unavailable — query skipped: SHOW COLUMNS FROM business_config LIKE 'meta_access_token'","service":"meta-auth","timestamp":"2026-04-06T06:11:22.939Z"}
{"level":"warn","message":"[DB] Database disabled or pool unavailable — query skipped: ALTER TABLE business_config ADD COLUMN meta_access_token TEXT, ADD COLUMN meta_a","service":"meta-auth","timestamp":"2026-04-06T06:11:22.939Z"}
{"level":"warn","message":"[DB] Database disabled or pool unavailable — query skipped: SELECT fb_email, access_token, success_count, fail_count, last_error, last_login","service":"meta-auth","timestamp":"2026-04-06T06:11:22.940Z"}
{"level":"warn","message":"[DB] Database disabled or pool unavailable — query skipped: INSERT INTO business_config (id, owner_name, business_name, primary_objective, c","service":"meta-auth","timestamp":"2026-04-06T06:11:22.940Z"}
{"level":"warn","message":"[DB] Database disabled or pool unavailable — query skipped: SHOW COLUMNS FROM business_config LIKE 'meta_access_token'","service":"meta-auth","timestamp":"2026-04-06T06:11:22.940Z"}
{"level":"warn","message":"[DB] Database disabled or pool unavailable — query skipped: ALTER TABLE business_config ADD COLUMN meta_access_token TEXT, ADD COLUMN meta_a","service":"meta-auth","timestamp":"2026-04-06T06:11:22.940Z"}
{"level":"warn","message":"[DB] Database disabled or pool unavailable — query skipped: SELECT * FROM user_facebook_pages WHERE business_id = ?","service":"meta-auth","timestamp":"2026-04-06T06:11:22.941Z"}
{"level":"warn","message":"[DB] Database disabled or pool unavailable — query skipped: INSERT INTO business_config (id, owner_name, business_name, primary_objective, c","service":"meta-auth","timestamp":"2026-04-06T06:11:22.941Z"}
{"level":"warn","message":"[DB] Database disabled or pool unavailable — query skipped: SHOW COLUMNS FROM business_config LIKE 'meta_access_token'","service":"meta-auth","timestamp":"2026-04-06T06:11:22.941Z"}
{"level":"warn","message":"[DB] Database disabled or pool unavailable — query skipped: ALTER TABLE business_config ADD COLUMN meta_access_token TEXT, ADD COLUMN meta_a","service":"meta-auth","timestamp":"2026-04-06T06:11:22.941Z"}
{"level":"warn","message":"[DB] Database disabled or pool unavailable — query skipped: SELECT category, insight, confidence_score as confidenceScore, created_at as cre","service":"meta-auth","timestamp":"2026-04-06T06:11:22.942Z"}
{"level":"warn","message":"[PIXEL_HEALTH] No Pixel ID provided or found. Skipping health check.","service":"meta-auth","timestamp":"2026-04-06T06:11:22.945Z"}
{"level":"warn","message":"[DB] Database disabled or pool unavailable — query skipped: INSERT INTO business_config (id, owner_name, business_name, primary_objective, c","service":"meta-auth","timestamp":"2026-04-06T06:11:22.970Z"}
{"level":"warn","message":"[DB] Database disabled or pool unavailable — query skipped: SHOW COLUMNS FROM business_config LIKE 'meta_access_token'","service":"meta-auth","timestamp":"2026-04-06T06:11:22.971Z"}
{"level":"warn","message":"[DB] Database disabled or pool unavailable — query skipped: ALTER TABLE business_config ADD COLUMN meta_access_token TEXT, ADD COLUMN meta_a","service":"meta-auth","timestamp":"2026-04-06T06:11:22.971Z"}
{"level":"warn","message":"[DB] Database disabled or pool unavailable — query skipped: SELECT fb_email, access_token, success_count, fail_count, last_error, last_login","service":"meta-auth","timestamp":"2026-04-06T06:11:22.971Z"}
{"level":"warn","message":"[DB] Database disabled or pool unavailable — query skipped: INSERT INTO business_config (id, owner_name, business_name, primary_objective, c","service":"meta-auth","timestamp":"2026-04-06T06:11:22.971Z"}
{"level":"warn","message":"[DB] Database disabled or pool unavailable — query skipped: SHOW COLUMNS FROM business_config LIKE 'meta_access_token'","service":"meta-auth","timestamp":"2026-04-06T06:11:22.972Z"}
{"level":"warn","message":"[DB] Database disabled or pool unavailable — query skipped: ALTER TABLE business_config ADD COLUMN meta_access_token TEXT, ADD COLUMN meta_a","service":"meta-auth","timestamp":"2026-04-06T06:11:22.972Z"}
{"level":"warn","message":"[DB] Database disabled or pool unavailable — query skipped: SELECT * FROM user_facebook_pages WHERE business_id = ?","service":"meta-auth","timestamp":"2026-04-06T06:11:22.972Z"}
{"level":"warn","message":"[DB] Database disabled or pool unavailable — query skipped: INSERT INTO business_config (id, owner_name, business_name, primary_objective, c","service":"meta-auth","timestamp":"2026-04-06T06:11:22.972Z"}
{"level":"warn","message":"[DB] Database disabled or pool unavailable — query skipped: SHOW COLUMNS FROM business_config LIKE 'meta_access_token'","service":"meta-auth","timestamp":"2026-04-06T06:11:22.972Z"}
{"level":"warn","message":"[DB] Database disabled or pool unavailable — query skipped: ALTER TABLE business_config ADD COLUMN meta_access_token TEXT, ADD COLUMN meta_a","service":"meta-auth","timestamp":"2026-04-06T06:11:22.973Z"}
{"level":"warn","message":"[DB] Database disabled or pool unavailable — query skipped: SELECT category, insight, confidence_score as confidenceScore, created_at as cre","service":"meta-auth","timestamp":"2026-04-06T06:11:22.973Z"}
{"level":"warn","message":"[DB] Database disabled or pool unavailable — query skipped: INSERT INTO business_config (id, owner_name, business_name, primary_objective, c","service":"meta-auth","timestamp":"2026-04-06T06:11:22.993Z"}
{"level":"warn","message":"[DB] Database disabled or pool unavailable — query skipped: SHOW COLUMNS FROM business_config LIKE 'meta_access_token'","service":"meta-auth","timestamp":"2026-04-06T06:11:22.994Z"}
{"level":"warn","message":"[DB] Database disabled or pool unavailable — query skipped: ALTER TABLE business_config ADD COLUMN meta_access_token TEXT, ADD COLUMN meta_a","service":"meta-auth","timestamp":"2026-04-06T06:11:22.994Z"}
{"level":"warn","message":"[DB] Database disabled or pool unavailable — query skipped: SELECT fb_email, access_token, success_count, fail_count, last_error, last_login","service":"meta-auth","timestamp":"2026-04-06T06:11:22.994Z"}
{"level":"warn","message":"[DB] Database disabled or pool unavailable — query skipped: INSERT INTO business_config (id, owner_name, business_name, primary_objective, c","service":"meta-auth","timestamp":"2026-04-06T06:11:22.994Z"}
{"level":"warn","message":"[DB] Database disabled or pool unavailable — query skipped: SHOW COLUMNS FROM business_config LIKE 'meta_access_token'","service":"meta-auth","timestamp":"2026-04-06T06:11:22.995Z"}
{"level":"warn","message":"[DB] Database disabled or pool unavailable — query skipped: ALTER TABLE business_config ADD COLUMN meta_access_token TEXT, ADD COLUMN meta_a","service":"meta-auth","timestamp":"2026-04-06T06:11:22.995Z"}
{"level":"warn","message":"[DB] Database disabled or pool unavailable — query skipped: SELECT * FROM user_facebook_pages WHERE business_id = ?","service":"meta-auth","timestamp":"2026-04-06T06:11:22.995Z"}
{"level":"warn","message":"[DB] Database disabled or pool unavailable — query skipped: INSERT INTO business_config (id, owner_name, business_name, primary_objective, c","service":"meta-auth","timestamp":"2026-04-06T06:11:22.996Z"}
{"level":"warn","message":"[DB] Database disabled or pool unavailable — query skipped: SHOW COLUMNS FROM business_config LIKE 'meta_access_token'","service":"meta-auth","timestamp":"2026-04-06T06:11:22.996Z"}
{"level":"warn","message":"[DB] Database disabled or pool unavailable — query skipped: ALTER TABLE business_config ADD COLUMN meta_access_token TEXT, ADD COLUMN meta_a","service":"meta-auth","timestamp":"2026-04-06T06:11:22.996Z"}
{"level":"warn","message":"[DB] Database disabled or pool unavailable — query skipped: SELECT category, insight, confidence_score as confidenceScore, created_at as cre","service":"meta-auth","timestamp":"2026-04-06T06:11:22.996Z"}
{"level":"warn","message":"[DB] Database disabled or pool unavailable — query skipped: INSERT INTO business_config (id, owner_name, business_name, primary_objective, c","service":"meta-auth","timestamp":"2026-04-06T06:11:23.021Z"}
{"level":"warn","message":"[DB] Database disabled or pool unavailable — query skipped: SHOW COLUMNS FROM business_config LIKE 'meta_access_token'","service":"meta-auth","timestamp":"2026-04-06T06:11:23.021Z"}
{"level":"warn","message":"[DB] Database disabled or pool unavailable — query skipped: ALTER TABLE business_config ADD COLUMN meta_access_token TEXT, ADD COLUMN meta_a","service":"meta-auth","timestamp":"2026-04-06T06:11:23.022Z"}
{"level":"warn","message":"[DB] Database disabled or pool unavailable — query skipped: SELECT fb_email, access_token, success_count, fail_count, last_error, last_login","service":"meta-auth","timestamp":"2026-04-06T06:11:23.022Z"}
{"level":"warn","message":"[DB] Database disabled or pool unavailable — query skipped: INSERT INTO business_config (id, owner_name, business_name, primary_objective, c","service":"meta-auth","timestamp":"2026-04-06T06:11:23.022Z"}
{"level":"warn","message":"[DB] Database disabled or pool unavailable — query skipped: SHOW COLUMNS FROM business_config LIKE 'meta_access_token'","service":"meta-auth","timestamp":"2026-04-06T06:11:23.022Z"}
{"level":"warn","message":"[DB] Database disabled or pool unavailable — query skipped: ALTER TABLE business_config ADD COLUMN meta_access_token TEXT, ADD COLUMN meta_a","service":"meta-auth","timestamp":"2026-04-06T06:11:23.022Z"}
{"level":"warn","message":"[DB] Database disabled or pool unavailable — query skipped: SELECT * FROM user_facebook_pages WHERE business_id = ?","service":"meta-auth","timestamp":"2026-04-06T06:11:23.023Z"}
{"level":"warn","message":"[DB] Database disabled or pool unavailable — query skipped: INSERT INTO business_config (id, owner_name, business_name, primary_objective, c","service":"meta-auth","timestamp":"2026-04-06T06:11:23.023Z"}
{"level":"warn","message":"[DB] Database disabled or pool unavailable — query skipped: SHOW COLUMNS FROM business_config LIKE 'meta_access_token'","service":"meta-auth","timestamp":"2026-04-06T06:11:23.023Z"}
{"level":"warn","message":"[DB] Database disabled or pool unavailable — query skipped: ALTER TABLE business_config ADD COLUMN meta_access_token TEXT, ADD COLUMN meta_a","service":"meta-auth","timestamp":"2026-04-06T06:11:23.023Z"}
{"level":"warn","message":"[DB] Database disabled or pool unavailable — query skipped: SELECT category, insight, confidence_score as confidenceScore, created_at as cre","service":"meta-auth","timestamp":"2026-04-06T06:11:23.024Z"}
{"level":"info","message":"[MEMORY-ENGINE] Silent reflection on feedback: \"Tăng tập trung vào nhóm retargeting hôm nay\"","service":"meta-auth","timestamp":"2026-04-06T06:11:23.028Z"}
{"level":"warn","message":"[DB] Database disabled or pool unavailable — query skipped: INSERT INTO business_config (id, owner_name, business_name, primary_objective, c","service":"meta-auth","timestamp":"2026-04-06T06:11:23.046Z"}
{"level":"warn","message":"[DB] Database disabled or pool unavailable — query skipped: SHOW COLUMNS FROM business_config LIKE 'meta_access_token'","service":"meta-auth","timestamp":"2026-04-06T06:11:23.047Z"}
{"level":"warn","message":"[DB] Database disabled or pool unavailable — query skipped: ALTER TABLE business_config ADD COLUMN meta_access_token TEXT, ADD COLUMN meta_a","service":"meta-auth","timestamp":"2026-04-06T06:11:23.047Z"}
{"level":"warn","message":"[DB] Database disabled or pool unavailable — query skipped: SELECT fb_email, access_token, success_count, fail_count, last_error, last_login","service":"meta-auth","timestamp":"2026-04-06T06:11:23.047Z"}
{"level":"warn","message":"[DB] Database disabled or pool unavailable — query skipped: INSERT INTO business_config (id, owner_name, business_name, primary_objective, c","service":"meta-auth","timestamp":"2026-04-06T06:11:23.047Z"}
{"level":"warn","message":"[DB] Database disabled or pool unavailable — query skipped: SHOW COLUMNS FROM business_config LIKE 'meta_access_token'","service":"meta-auth","timestamp":"2026-04-06T06:11:23.047Z"}
{"level":"warn","message":"[DB] Database disabled or pool unavailable — query skipped: ALTER TABLE business_config ADD COLUMN meta_access_token TEXT, ADD COLUMN meta_a","service":"meta-auth","timestamp":"2026-04-06T06:11:23.048Z"}
{"level":"warn","message":"[DB] Database disabled or pool unavailable — query skipped: SELECT * FROM user_facebook_pages WHERE business_id = ?","service":"meta-auth","timestamp":"2026-04-06T06:11:23.048Z"}
{"level":"warn","message":"[DB] Database disabled or pool unavailable — query skipped: INSERT INTO business_config (id, owner_name, business_name, primary_objective, c","service":"meta-auth","timestamp":"2026-04-06T06:11:23.048Z"}
{"level":"warn","message":"[DB] Database disabled or pool unavailable — query skipped: SHOW COLUMNS FROM business_config LIKE 'meta_access_token'","service":"meta-auth","timestamp":"2026-04-06T06:11:23.048Z"}
{"level":"warn","message":"[DB] Database disabled or pool unavailable — query skipped: ALTER TABLE business_config ADD COLUMN meta_access_token TEXT, ADD COLUMN meta_a","service":"meta-auth","timestamp":"2026-04-06T06:11:23.049Z"}
{"level":"warn","message":"[DB] Database disabled or pool unavailable — query skipped: SELECT category, insight, confidence_score as confidenceScore, created_at as cre","service":"meta-auth","timestamp":"2026-04-06T06:11:23.049Z"}
{"level":"warn","message":"[DB] Database disabled or pool unavailable — query skipped: INSERT INTO business_config (id, owner_name, business_name, primary_objective, c","service":"meta-auth","timestamp":"2026-04-06T06:11:23.065Z"}
{"level":"warn","message":"[DB] Database disabled or pool unavailable — query skipped: SHOW COLUMNS FROM business_config LIKE 'meta_access_token'","service":"meta-auth","timestamp":"2026-04-06T06:11:23.066Z"}
{"level":"warn","message":"[DB] Database disabled or pool unavailable — query skipped: ALTER TABLE business_config ADD COLUMN meta_access_token TEXT, ADD COLUMN meta_a","service":"meta-auth","timestamp":"2026-04-06T06:11:23.066Z"}
{"level":"warn","message":"[DB] Database disabled or pool unavailable — query skipped: SELECT fb_email, access_token, success_count, fail_count, last_error, last_login","service":"meta-auth","timestamp":"2026-04-06T06:11:23.066Z"}
{"level":"warn","message":"[DB] Database disabled or pool unavailable — query skipped: INSERT INTO business_config (id, owner_name, business_name, primary_objective, c","service":"meta-auth","timestamp":"2026-04-06T06:11:23.066Z"}
{"level":"warn","message":"[DB] Database disabled or pool unavailable — query skipped: SHOW COLUMNS FROM business_config LIKE 'meta_access_token'","service":"meta-auth","timestamp":"2026-04-06T06:11:23.066Z"}
{"level":"warn","message":"[DB] Database disabled or pool unavailable — query skipped: ALTER TABLE business_config ADD COLUMN meta_access_token TEXT, ADD COLUMN meta_a","service":"meta-auth","timestamp":"2026-04-06T06:11:23.067Z"}
{"level":"warn","message":"[DB] Database disabled or pool unavailable — query skipped: SELECT * FROM user_facebook_pages WHERE business_id = ?","service":"meta-auth","timestamp":"2026-04-06T06:11:23.067Z"}
{"level":"warn","message":"[DB] Database disabled or pool unavailable — query skipped: INSERT INTO business_config (id, owner_name, business_name, primary_objective, c","service":"meta-auth","timestamp":"2026-04-06T06:11:23.067Z"}
{"level":"warn","message":"[DB] Database disabled or pool unavailable — query skipped: SHOW COLUMNS FROM business_config LIKE 'meta_access_token'","service":"meta-auth","timestamp":"2026-04-06T06:11:23.067Z"}
{"level":"warn","message":"[DB] Database disabled or pool unavailable — query skipped: ALTER TABLE business_config ADD COLUMN meta_access_token TEXT, ADD COLUMN meta_a","service":"meta-auth","timestamp":"2026-04-06T06:11:23.067Z"}
{"level":"warn","message":"[DB] Database disabled or pool unavailable — query skipped: SELECT category, insight, confidence_score as confidenceScore, created_at as cre","service":"meta-auth","timestamp":"2026-04-06T06:11:23.068Z"}
{"level":"warn","message":"[DB] Database disabled or pool unavailable — query skipped: INSERT INTO business_config (id, owner_name, business_name, primary_objective, c","service":"meta-auth","timestamp":"2026-04-06T06:11:23.087Z"}
{"level":"warn","message":"[DB] Database disabled or pool unavailable — query skipped: SHOW COLUMNS FROM business_config LIKE 'meta_access_token'","service":"meta-auth","timestamp":"2026-04-06T06:11:23.087Z"}
{"level":"warn","message":"[DB] Database disabled or pool unavailable — query skipped: ALTER TABLE business_config ADD COLUMN meta_access_token TEXT, ADD COLUMN meta_a","service":"meta-auth","timestamp":"2026-04-06T06:11:23.088Z"}
{"level":"warn","message":"[DB] Database disabled or pool unavailable — query skipped: SELECT fb_email, access_token, success_count, fail_count, last_error, last_login","service":"meta-auth","timestamp":"2026-04-06T06:11:23.088Z"}
{"level":"warn","message":"[DB] Database disabled or pool unavailable — query skipped: INSERT INTO business_config (id, owner_name, business_name, primary_objective, c","service":"meta-auth","timestamp":"2026-04-06T06:11:23.088Z"}
{"level":"warn","message":"[DB] Database disabled or pool unavailable — query skipped: SHOW COLUMNS FROM business_config LIKE 'meta_access_token'","service":"meta-auth","timestamp":"2026-04-06T06:11:23.088Z"}
{"level":"warn","message":"[DB] Database disabled or pool unavailable — query skipped: ALTER TABLE business_config ADD COLUMN meta_access_token TEXT, ADD COLUMN meta_a","service":"meta-auth","timestamp":"2026-04-06T06:11:23.089Z"}
{"level":"warn","message":"[DB] Database disabled or pool unavailable — query skipped: SELECT * FROM user_facebook_pages WHERE business_id = ?","service":"meta-auth","timestamp":"2026-04-06T06:11:23.089Z"}
{"level":"warn","message":"[DB] Database disabled or pool unavailable — query skipped: INSERT INTO business_config (id, owner_name, business_name, primary_objective, c","service":"meta-auth","timestamp":"2026-04-06T06:11:23.089Z"}
{"level":"warn","message":"[DB] Database disabled or pool unavailable — query skipped: SHOW COLUMNS FROM business_config LIKE 'meta_access_token'","service":"meta-auth","timestamp":"2026-04-06T06:11:23.089Z"}
{"level":"warn","message":"[DB] Database disabled or pool unavailable — query skipped: ALTER TABLE business_config ADD COLUMN meta_access_token TEXT, ADD COLUMN meta_a","service":"meta-auth","timestamp":"2026-04-06T06:11:23.090Z"}
{"level":"warn","message":"[DB] Database disabled or pool unavailable — query skipped: SELECT category, insight, confidence_score as confidenceScore, created_at as cre","service":"meta-auth","timestamp":"2026-04-06T06:11:23.090Z"}
{"level":"warn","message":"[DB] Database disabled or pool unavailable — query skipped: INSERT INTO business_config (id, owner_name, business_name, primary_objective, c","service":"meta-auth","timestamp":"2026-04-06T06:11:23.108Z"}
{"level":"warn","message":"[DB] Database disabled or pool unavailable — query skipped: SHOW COLUMNS FROM business_config LIKE 'meta_access_token'","service":"meta-auth","timestamp":"2026-04-06T06:11:23.108Z"}
{"level":"warn","message":"[DB] Database disabled or pool unavailable — query skipped: ALTER TABLE business_config ADD COLUMN meta_access_token TEXT, ADD COLUMN meta_a","service":"meta-auth","timestamp":"2026-04-06T06:11:23.108Z"}
{"level":"warn","message":"[DB] Database disabled or pool unavailable — query skipped: SELECT fb_email, access_token, success_count, fail_count, last_error, last_login","service":"meta-auth","timestamp":"2026-04-06T06:11:23.109Z"}
{"level":"warn","message":"[DB] Database disabled or pool unavailable — query skipped: INSERT INTO business_config (id, owner_name, business_name, primary_objective, c","service":"meta-auth","timestamp":"2026-04-06T06:11:23.109Z"}
{"level":"warn","message":"[DB] Database disabled or pool unavailable — query skipped: SHOW COLUMNS FROM business_config LIKE 'meta_access_token'","service":"meta-auth","timestamp":"2026-04-06T06:11:23.109Z"}
{"level":"warn","message":"[DB] Database disabled or pool unavailable — query skipped: ALTER TABLE business_config ADD COLUMN meta_access_token TEXT, ADD COLUMN meta_a","service":"meta-auth","timestamp":"2026-04-06T06:11:23.109Z"}
{"level":"warn","message":"[DB] Database disabled or pool unavailable — query skipped: SELECT * FROM user_facebook_pages WHERE business_id = ?","service":"meta-auth","timestamp":"2026-04-06T06:11:23.109Z"}
{"level":"warn","message":"[DB] Database disabled or pool unavailable — query skipped: INSERT INTO business_config (id, owner_name, business_name, primary_objective, c","service":"meta-auth","timestamp":"2026-04-06T06:11:23.110Z"}
{"level":"warn","message":"[DB] Database disabled or pool unavailable — query skipped: SHOW COLUMNS FROM business_config LIKE 'meta_access_token'","service":"meta-auth","timestamp":"2026-04-06T06:11:23.110Z"}
{"level":"warn","message":"[DB] Database disabled or pool unavailable — query skipped: ALTER TABLE business_config ADD COLUMN meta_access_token TEXT, ADD COLUMN meta_a","service":"meta-auth","timestamp":"2026-04-06T06:11:23.110Z"}
{"level":"warn","message":"[DB] Database disabled or pool unavailable — query skipped: SELECT category, insight, confidence_score as confidenceScore, created_at as cre","service":"meta-auth","timestamp":"2026-04-06T06:11:23.110Z"}
{"level":"warn","message":"[DB] Database disabled or pool unavailable — query skipped: INSERT INTO business_config (id, owner_name, business_name, primary_objective, c","service":"meta-auth","timestamp":"2026-04-06T06:11:23.127Z"}
{"level":"warn","message":"[DB] Database disabled or pool unavailable — query skipped: SHOW COLUMNS FROM business_config LIKE 'meta_access_token'","service":"meta-auth","timestamp":"2026-04-06T06:11:23.127Z"}
{"level":"warn","message":"[DB] Database disabled or pool unavailable — query skipped: ALTER TABLE business_config ADD COLUMN meta_access_token TEXT, ADD COLUMN meta_a","service":"meta-auth","timestamp":"2026-04-06T06:11:23.127Z"}
{"level":"warn","message":"[DB] Database disabled or pool unavailable — query skipped: SELECT fb_email, access_token, success_count, fail_count, last_error, last_login","service":"meta-auth","timestamp":"2026-04-06T06:11:23.127Z"}
{"level":"warn","message":"[DB] Database disabled or pool unavailable — query skipped: INSERT INTO business_config (id, owner_name, business_name, primary_objective, c","service":"meta-auth","timestamp":"2026-04-06T06:11:23.128Z"}
{"level":"warn","message":"[DB] Database disabled or pool unavailable — query skipped: SHOW COLUMNS FROM business_config LIKE 'meta_access_token'","service":"meta-auth","timestamp":"2026-04-06T06:11:23.128Z"}
{"level":"warn","message":"[DB] Database disabled or pool unavailable — query skipped: ALTER TABLE business_config ADD COLUMN meta_access_token TEXT, ADD COLUMN meta_a","service":"meta-auth","timestamp":"2026-04-06T06:11:23.128Z"}
{"level":"warn","message":"[DB] Database disabled or pool unavailable — query skipped: SELECT * FROM user_facebook_pages WHERE business_id = ?","service":"meta-auth","timestamp":"2026-04-06T06:11:23.128Z"}
{"level":"warn","message":"[DB] Database disabled or pool unavailable — query skipped: INSERT INTO business_config (id, owner_name, business_name, primary_objective, c","service":"meta-auth","timestamp":"2026-04-06T06:11:23.128Z"}
{"level":"warn","message":"[DB] Database disabled or pool unavailable — query skipped: SHOW COLUMNS FROM business_config LIKE 'meta_access_token'","service":"meta-auth","timestamp":"2026-04-06T06:11:23.129Z"}
{"level":"warn","message":"[DB] Database disabled or pool unavailable — query skipped: ALTER TABLE business_config ADD COLUMN meta_access_token TEXT, ADD COLUMN meta_a","service":"meta-auth","timestamp":"2026-04-06T06:11:23.129Z"}
{"level":"warn","message":"[DB] Database disabled or pool unavailable — query skipped: SELECT category, insight, confidence_score as confidenceScore, created_at as cre","service":"meta-auth","timestamp":"2026-04-06T06:11:23.129Z"}
{"level":"info","message":"[CRON] Initializing Meta Token Renewal Cron Job (every 12 hours).","service":"meta-auth","timestamp":"2026-04-06T06:11:24.871Z"}
{"level":"info","message":"[CRON] Initializing Meta Token Renewal Cron Job (every 12 hours).","service":"meta-auth","timestamp":"2026-04-06T13:02:24.704Z"}
{"level":"info","message":"[CRON] Initializing Meta Token Renewal Cron Job (every 12 hours).","service":"meta-auth","timestamp":"2026-04-06T13:04:52.524Z"}
{"level":"info","message":"[CRON] Initializing Meta Token Renewal Cron Job (every 12 hours).","service":"meta-auth","timestamp":"2026-04-06T16:26:24.988Z"}
{"level":"info","message":"[CRON] Initializing Meta Token Renewal Cron Job (every 12 hours).","service":"meta-auth","timestamp":"2026-04-06T16:33:16.790Z"}
{"level":"info","message":"[CRON START] Auto-renew token check started.","service":"meta-auth","timestamp":"2026-04-06T17:00:00.064Z"}
{"level":"info","message":"[CRON] Found 0 business(es) with token expiring soon.","service":"meta-auth","timestamp":"2026-04-06T17:00:00.073Z"}
{"level":"info","message":"[CRON START] Auto-renew token check started.","service":"meta-auth","timestamp":"2026-04-06T17:00:00.772Z"}
{"level":"info","message":"[CRON] Found 0 business(es) with token expiring soon.","service":"meta-auth","timestamp":"2026-04-06T17:00:00.777Z"}
{"level":"warn","message":"[DB] Database disabled or pool unavailable — query skipped: INSERT INTO apify_cost_log (business_id, actor_id, actor_label, run_id, usage_us","service":"meta-auth","timestamp":"2026-04-06T18:03:13.289Z"}
{"level":"info","message":"[CRON] Initializing Meta Token Renewal Cron Job (every 12 hours).","service":"meta-auth","timestamp":"2026-04-07T10:01:55.485Z"}
{"level":"info","message":"[CRON] Initializing Meta Token Renewal Cron Job (every 12 hours).","service":"meta-auth","timestamp":"2026-04-07T10:07:09.912Z"}
{"level":"info","message":"[CRON] Initializing Meta Token Renewal Cron Job (every 12 hours).","service":"meta-auth","timestamp":"2026-04-07T11:41:46.723Z"}
{"level":"info","message":"[CRON] Initializing Meta Token Renewal Cron Job (every 12 hours).","service":"meta-auth","timestamp":"2026-04-07T13:29:15.212Z"}
{"level":"info","message":"[CRON] Initializing Meta Token Renewal Cron Job (every 12 hours).","service":"meta-auth","timestamp":"2026-04-07T13:29:28.166Z"}
{"level":"info","message":"[CRON] Initializing Meta Token Renewal Cron Job (every 12 hours).","service":"meta-auth","timestamp":"2026-04-07T14:31:53.693Z"}
{"level":"info","message":"[CRON] Initializing Meta Token Renewal Cron Job (every 12 hours).","service":"meta-auth","timestamp":"2026-04-07T14:31:57.002Z"}
{"level":"info","message":"[CRON] Initializing Meta Token Renewal Cron Job (every 12 hours).","service":"meta-auth","timestamp":"2026-04-07T15:16:59.769Z"}
{"level":"info","message":"[CRON] Initializing Meta Token Renewal Cron Job (every 12 hours).","service":"meta-auth","timestamp":"2026-04-07T15:26:29.831Z"}
{"level":"info","message":"[CRON] Initializing Meta Token Renewal Cron Job (every 12 hours).","service":"meta-auth","timestamp":"2026-04-07T15:35:20.919Z"}
{"level":"info","message":"[CRON] Initializing Meta Token Renewal Cron Job (every 12 hours).","service":"meta-auth","timestamp":"2026-04-07T15:50:18.967Z"}
{"level":"info","message":"[CRON] Initializing Meta Token Renewal Cron Job (every 12 hours).","service":"meta-auth","timestamp":"2026-04-07T15:50:39.564Z"}
